data,ricoverati_con_sintomi,terapia_intensiva,totale_ospedalizzati,isolamento_domiciliare,totale_positivi,variazione_totale_positivi,nuovi_positivi,dimessi_guariti,deceduti,casi_da_sospetto_diagnostico,casi_da_screening,totale_casi,tamponi,casi_testati,ingressi_terapia_intensiva,totale_positivi_test_molecolare,totale_positivi_test_antigenico_rapido,tamponi_test_molecolare,tamponi_test_antigenico_rapido,casi_testati_giornaliero,tamponi_giornaliero,tamponi_molecolare_giornaliero,tamponi_rapido_giornaliero,positivi_molecolare_giornaliero,positivi_rapido_giornaliero,Tasso_positivi,tasso_positivi_molecolare,tasso_positivi_rapido,nuovi_positivi_media_mobile,deceduti_giornalieri
2020-02-24,0,0,0,0,0,0,0,0,0,NA,NA,0,58,NA,NA,NA,NA,NA,NA,NA,NA,NA,NA,NA,NA,NA,NA,NA,0,NA
2020-02-25,0,0,0,0,0,0,0,0,0,NA,NA,0,89,NA,NA,NA,NA,NA,NA,NA,31,NA,NA,NA,NA,0,NA,NA,0,0
2020-02-26,0,0,0,0,0,0,0,0,0,NA,NA,0,114,NA,NA,NA,NA,NA,NA,NA,25,NA,NA,NA,NA,0,NA,NA,0,0
2020-02-27,0,0,0,0,0,0,0,0,0,NA,NA,0,141,NA,NA,NA,NA,NA,NA,NA,27,NA,NA,NA,NA,0,NA,NA,0,0
2020-02-28,0,0,0,0,0,0,0,0,0,NA,NA,0,169,NA,NA,NA,NA,NA,NA,NA,28,NA,NA,NA,NA,0,NA,NA,0,0
2020-02-29,0,0,0,0,0,0,0,0,0,NA,NA,0,189,NA,NA,NA,NA,NA,NA,NA,20,NA,NA,NA,NA,0,NA,NA,0,0
2020-03-01,0,0,0,6,6,6,6,0,0,NA,NA,6,243,NA,NA,NA,NA,NA,NA,NA,54,NA,NA,NA,NA,11.11,NA,NA,1,0
2020-03-02,0,0,0,9,9,3,3,0,0,NA,NA,9,269,NA,NA,NA,NA,NA,NA,NA,26,NA,NA,NA,NA,11.54,NA,NA,1,0
2020-03-03,1,0,1,12,13,4,4,0,0,NA,NA,13,354,NA,NA,NA,NA,NA,NA,NA,85,NA,NA,NA,NA,4.71,NA,NA,2,0
2020-03-04,3,0,3,15,18,5,5,0,0,NA,NA,18,376,NA,NA,NA,NA,NA,NA,NA,22,NA,NA,NA,NA,22.73,NA,NA,3,0
2020-03-05,4,0,4,17,21,3,3,0,0,NA,NA,21,397,NA,NA,NA,NA,NA,NA,NA,21,NA,NA,NA,NA,14.29,NA,NA,3,0
2020-03-06,4,0,4,24,28,7,10,3,0,NA,NA,31,577,NA,NA,NA,NA,NA,NA,NA,180,NA,NA,NA,NA,5.56,NA,NA,4,0
2020-03-07,7,1,8,31,39,11,11,3,0,NA,NA,42,577,NA,NA,NA,NA,NA,NA,NA,0,NA,NA,NA,NA,Inf,NA,NA,6,0
2020-03-08,7,1,8,45,53,14,15,3,1,NA,NA,57,997,NA,NA,NA,NA,NA,NA,NA,420,NA,NA,NA,NA,3.57,NA,NA,7,1
2020-03-09,18,1,19,70,89,36,36,3,1,NA,NA,93,1344,NA,NA,NA,NA,NA,NA,NA,347,NA,NA,NA,NA,10.37,NA,NA,12,0
2020-03-10,27,6,33,77,110,21,23,3,3,NA,NA,116,1602,NA,NA,NA,NA,NA,NA,NA,258,NA,NA,NA,NA,8.91,NA,NA,15,2
2020-03-11,16,5,21,89,110,0,10,10,6,NA,NA,126,2073,NA,NA,NA,NA,NA,NA,NA,471,NA,NA,NA,NA,2.12,NA,NA,15,3
2020-03-12,23,10,33,115,148,38,41,11,8,NA,NA,167,2604,NA,NA,NA,NA,NA,NA,NA,531,NA,NA,NA,NA,7.72,NA,NA,21,2
2020-03-13,59,8,67,169,236,88,90,11,10,NA,NA,257,3149,NA,NA,NA,NA,NA,NA,NA,545,NA,NA,NA,NA,16.51,NA,NA,32,2
2020-03-14,67,11,78,193,271,35,44,17,13,NA,NA,301,3376,NA,NA,NA,NA,NA,NA,NA,227,NA,NA,NA,NA,19.38,NA,NA,37,3
2020-03-15,98,12,110,206,316,45,46,17,14,NA,NA,347,3407,NA,NA,NA,NA,NA,NA,NA,31,NA,NA,NA,NA,148.39,NA,NA,41,1
2020-03-16,96,19,115,231,346,30,39,18,22,NA,NA,386,4851,NA,NA,NA,NA,NA,NA,NA,1444,NA,NA,NA,NA,2.7,NA,NA,42,8
2020-03-17,104,21,125,222,347,1,8,17,30,NA,NA,394,4958,NA,NA,NA,NA,NA,NA,NA,107,NA,NA,NA,NA,7.48,NA,NA,40,8
2020-03-18,128,27,155,261,416,69,68,15,31,NA,NA,462,4958,NA,NA,NA,NA,NA,NA,NA,0,NA,NA,NA,NA,Inf,NA,NA,48,1
2020-03-19,134,29,163,359,522,106,137,41,36,NA,NA,599,4052,NA,NA,NA,NA,NA,NA,NA,-906,NA,NA,NA,NA,-15.12,NA,NA,62,5
2020-03-20,143,32,175,380,555,33,57,63,38,NA,NA,656,4964,NA,NA,NA,NA,NA,NA,NA,912,NA,NA,NA,NA,6.25,NA,NA,57,2
2020-03-21,152,37,189,477,666,111,134,82,42,NA,NA,790,5955,NA,NA,NA,NA,NA,NA,NA,991,NA,NA,NA,NA,13.52,NA,NA,70,4
2020-03-22,163,47,210,528,738,72,84,89,47,NA,NA,874,6761,NA,NA,NA,NA,NA,NA,NA,806,NA,NA,NA,NA,10.42,NA,NA,75,5
2020-03-23,185,41,226,545,771,33,56,105,54,NA,NA,930,7424,NA,NA,NA,NA,NA,NA,NA,663,NA,NA,NA,NA,8.45,NA,NA,78,7
2020-03-24,195,49,244,604,848,77,62,80,64,NA,NA,992,8526,NA,NA,NA,NA,NA,NA,NA,1102,NA,NA,NA,NA,5.63,NA,NA,85,10
2020-03-25,200,52,252,659,911,63,147,158,70,NA,NA,1139,9494,NA,NA,NA,NA,NA,NA,NA,968,NA,NA,NA,NA,15.19,NA,NA,97,6
2020-03-26,212,54,266,688,954,43,84,197,72,NA,NA,1223,10721,NA,NA,NA,NA,NA,NA,NA,1227,NA,NA,NA,NA,6.85,NA,NA,89,2
2020-03-27,222,57,279,748,1027,73,94,214,76,NA,NA,1317,11841,NA,NA,NA,NA,NA,NA,NA,1120,NA,NA,NA,NA,8.39,NA,NA,94,4
2020-03-28,223,59,282,838,1120,93,119,229,87,NA,NA,1436,12723,NA,NA,NA,NA,NA,NA,NA,882,NA,NA,NA,NA,13.49,NA,NA,92,11
2020-03-29,236,60,296,845,1141,21,44,241,98,NA,NA,1480,13397,NA,NA,NA,NA,NA,NA,NA,674,NA,NA,NA,NA,6.53,NA,NA,87,11
2020-03-30,229,60,289,820,1109,-32,21,285,107,NA,NA,1501,14003,NA,NA,NA,NA,NA,NA,NA,606,NA,NA,NA,NA,3.47,NA,NA,82,9
2020-03-31,215,60,275,885,1160,51,92,320,113,NA,NA,1593,14899,NA,NA,NA,NA,NA,NA,NA,896,NA,NA,NA,NA,10.27,NA,NA,86,6
2020-04-01,206,60,266,940,1206,46,92,357,122,NA,NA,1685,15987,NA,NA,NA,NA,NA,NA,NA,1088,NA,NA,NA,NA,8.46,NA,NA,78,9
2020-04-02,199,60,259,1035,1294,88,114,376,129,NA,NA,1799,17121,NA,NA,NA,NA,NA,NA,NA,1134,NA,NA,NA,NA,10.05,NA,NA,82,7
2020-04-03,201,61,262,1062,1324,30,80,419,136,NA,NA,1879,19985,NA,NA,NA,NA,NA,NA,NA,2864,NA,NA,NA,NA,2.79,NA,NA,80,7
2020-04-04,183,50,233,1103,1336,12,107,505,145,NA,NA,1986,21126,NA,NA,NA,NA,NA,NA,NA,1141,NA,NA,NA,NA,9.38,NA,NA,79,9
2020-04-05,185,50,235,1128,1363,27,62,531,154,NA,NA,2048,21652,NA,NA,NA,NA,NA,NA,NA,526,NA,NA,NA,NA,11.79,NA,NA,81,9
2020-04-06,189,46,235,1161,1396,33,55,549,158,NA,NA,2103,22272,NA,NA,NA,NA,NA,NA,NA,620,NA,NA,NA,NA,8.87,NA,NA,86,4
2020-04-07,185,44,229,1150,1379,-17,50,610,164,NA,NA,2153,23536,NA,NA,NA,NA,NA,NA,NA,1264,NA,NA,NA,NA,3.96,NA,NA,80,6
2020-04-08,162,41,203,1212,1415,36,65,634,169,NA,NA,2218,24798,NA,NA,NA,NA,NA,NA,NA,1262,NA,NA,NA,NA,5.15,NA,NA,76,5
2020-04-09,167,37,204,1186,1390,-25,81,738,171,NA,NA,2299,26205,NA,NA,NA,NA,NA,NA,NA,1407,NA,NA,NA,NA,5.76,NA,NA,71,2
2020-04-10,167,33,200,1198,1398,8,50,772,179,NA,NA,2349,28097,NA,NA,NA,NA,NA,NA,NA,1892,NA,NA,NA,NA,2.64,NA,NA,67,8
2020-04-11,172,28,200,1182,1382,-16,44,826,185,NA,NA,2393,29685,NA,NA,NA,NA,NA,NA,NA,1588,NA,NA,NA,NA,2.77,NA,NA,58,6
2020-04-12,160,28,188,1138,1326,-56,38,910,195,NA,NA,2431,29988,NA,NA,NA,NA,NA,NA,NA,303,NA,NA,NA,NA,12.54,NA,NA,55,10
2020-04-13,159,30,189,1118,1307,-19,51,973,202,NA,NA,2482,30941,NA,NA,NA,NA,NA,NA,NA,953,NA,NA,NA,NA,5.35,NA,NA,54,7
2020-04-14,166,28,194,705,899,-408,38,1415,206,NA,NA,2520,31764,NA,NA,NA,NA,NA,NA,NA,823,NA,NA,NA,NA,4.62,NA,NA,52,4
2020-04-15,163,24,187,1207,1394,495,24,938,212,NA,NA,2544,33800,NA,NA,NA,NA,NA,NA,NA,2036,NA,NA,NA,NA,1.18,NA,NA,47,6
2020-04-16,159,26,185,1145,1330,-64,72,1069,217,NA,NA,2616,35766,NA,NA,NA,NA,NA,NA,NA,1966,NA,NA,NA,NA,3.66,NA,NA,45,5
2020-04-17,148,23,171,1257,1428,98,59,1027,220,NA,NA,2675,40030,NA,NA,NA,NA,NA,NA,NA,4264,NA,NA,NA,NA,1.38,NA,NA,47,3
2020-04-18,141,27,168,1235,1403,-25,56,1106,222,NA,NA,2731,43293,NA,NA,NA,NA,NA,NA,NA,3263,NA,NA,NA,NA,1.72,NA,NA,48,2
2020-04-19,140,25,165,1172,1337,-66,14,1183,225,NA,NA,2745,44622,27544,NA,NA,NA,NA,NA,NA,1329,NA,NA,NA,NA,1.05,NA,NA,45,3
2020-04-20,140,22,162,1028,1190,-147,30,1346,239,NA,NA,2775,45161,28777,NA,NA,NA,NA,NA,1233,539,NA,NA,NA,NA,5.57,NA,NA,42,14
2020-04-21,139,21,160,1162,1322,132,17,1229,241,NA,NA,2792,48500,31352,NA,NA,NA,NA,NA,2575,3339,NA,NA,NA,NA,0.51,NA,NA,39,2
2020-04-22,134,20,154,1154,1308,-14,25,1263,246,NA,NA,2817,50869,32871,NA,NA,NA,NA,NA,1519,2369,NA,NA,NA,NA,1.06,NA,NA,39,5
2020-04-23,138,18,156,979,1135,-173,41,1467,256,NA,NA,2858,52918,34057,NA,NA,NA,NA,NA,1186,2049,NA,NA,NA,NA,2,NA,NA,35,10
2020-04-24,136,16,152,1168,1320,185,24,1304,258,NA,NA,2882,55502,35547,NA,NA,NA,NA,NA,1490,2584,NA,NA,NA,NA,0.93,NA,NA,30,2
2020-04-25,122,15,137,947,1084,-236,21,1556,263,NA,NA,2903,58375,37211,NA,NA,NA,NA,NA,1664,2873,NA,NA,NA,NA,0.73,NA,NA,25,5
2020-04-26,129,13,142,1106,1248,164,14,1405,264,NA,NA,2917,59681,38202,NA,NA,NA,NA,NA,991,1306,NA,NA,NA,NA,1.07,NA,NA,25,1
2020-04-27,130,13,143,1115,1258,10,60,1448,271,NA,NA,2977,60940,39330,NA,NA,NA,NA,NA,1128,1259,NA,NA,NA,NA,4.77,NA,NA,29,7
2020-04-28,136,13,149,1090,1239,-19,18,1478,278,NA,NA,2995,64151,41273,NA,NA,NA,NA,NA,1943,3211,NA,NA,NA,NA,0.56,NA,NA,29,7
2020-04-29,134,12,146,1081,1227,-12,15,1498,285,NA,NA,3010,66769,42902,NA,NA,NA,NA,NA,1629,2618,NA,NA,NA,NA,0.57,NA,NA,28,7
2020-04-30,109,11,120,1050,1170,-57,15,1566,289,NA,NA,3025,67930,43691,NA,NA,NA,NA,NA,789,1161,NA,NA,NA,NA,1.29,NA,NA,24,4
2020-05-01,131,6,137,978,1115,-55,16,1632,294,NA,NA,3041,71013,45566,NA,NA,NA,NA,NA,1875,3083,NA,NA,NA,NA,0.52,NA,NA,23,5
2020-05-02,131,5,136,973,1109,-6,18,1655,295,NA,NA,3059,73855,47259,NA,NA,NA,NA,NA,1693,2842,NA,NA,NA,NA,0.63,NA,NA,22,1
2020-05-03,131,6,137,950,1087,-22,13,1688,297,NA,NA,3072,74990,48041,NA,NA,NA,NA,NA,782,1135,NA,NA,NA,NA,1.15,NA,NA,22,2
2020-05-04,130,4,134,916,1050,-37,4,1727,299,NA,NA,3076,75421,48250,NA,NA,NA,NA,NA,209,431,NA,NA,NA,NA,0.93,NA,NA,14,2
2020-05-05,120,4,124,860,984,-66,9,1798,303,NA,NA,3085,78510,50135,NA,NA,NA,NA,NA,1885,3089,NA,NA,NA,NA,0.29,NA,NA,13,4
2020-05-06,115,3,118,844,962,-22,9,1826,306,NA,NA,3094,79429,50698,NA,NA,NA,NA,NA,563,919,NA,NA,NA,NA,0.98,NA,NA,12,3
2020-05-07,109,2,111,816,927,-35,13,1872,308,NA,NA,3107,82012,51123,NA,NA,NA,NA,NA,425,2583,NA,NA,NA,NA,0.5,NA,NA,12,2
2020-05-08,105,2,107,804,911,-16,9,1897,308,NA,NA,3116,82902,52784,NA,NA,NA,NA,NA,1661,890,NA,NA,NA,NA,1.01,NA,NA,11,0
2020-05-09,101,3,104,765,869,-42,8,1947,308,NA,NA,3124,88384,55319,NA,NA,NA,NA,NA,2535,5482,NA,NA,NA,NA,0.15,NA,NA,9,0
2020-05-10,98,3,101,750,851,-18,6,1969,310,NA,NA,3130,89449,56205,NA,NA,NA,NA,NA,886,1065,NA,NA,NA,NA,0.56,NA,NA,8,2
2020-05-11,96,3,99,731,830,-21,8,1996,312,NA,NA,3138,90860,57130,NA,NA,NA,NA,NA,925,1411,NA,NA,NA,NA,0.57,NA,NA,9,2
2020-05-12,96,2,98,703,801,-29,10,2034,313,NA,NA,3148,93051,58395,NA,NA,NA,NA,NA,1265,2191,NA,NA,NA,NA,0.46,NA,NA,9,1
2020-05-13,92,2,94,685,779,-22,8,2061,316,NA,NA,3156,94600,58936,NA,NA,NA,NA,NA,541,1549,NA,NA,NA,NA,0.52,NA,NA,9,3
2020-05-14,149,2,151,619,770,-9,5,2074,317,NA,NA,3161,97000,60177,NA,NA,NA,NA,NA,1241,2400,NA,NA,NA,NA,0.21,NA,NA,8,1
2020-05-15,80,3,83,658,741,-29,14,2116,318,NA,NA,3175,100400,62319,NA,NA,NA,NA,NA,2142,3400,NA,NA,NA,NA,0.41,NA,NA,8,1
2020-05-16,79,3,82,598,680,-61,8,2184,319,NA,NA,3183,101694,63251,NA,NA,NA,NA,NA,932,1294,NA,NA,NA,NA,0.62,NA,NA,8,1
2020-05-17,80,3,83,571,654,-26,8,2218,319,NA,NA,3191,104056,64558,NA,NA,NA,NA,NA,1307,2362,NA,NA,NA,NA,0.34,NA,NA,9,0
2020-05-18,81,3,84,537,621,-33,7,2257,320,NA,NA,3198,104874,65184,NA,NA,NA,NA,NA,626,818,NA,NA,NA,NA,0.86,NA,NA,9,1
2020-05-19,76,2,78,522,600,-21,5,2283,320,NA,NA,3203,105656,65476,NA,NA,NA,NA,NA,292,782,NA,NA,NA,NA,0.64,NA,NA,8,0
2020-05-20,76,2,78,518,596,-4,6,2291,322,NA,NA,3209,108671,67449,NA,NA,NA,NA,NA,1973,3015,NA,NA,NA,NA,0.2,NA,NA,8,2
2020-05-21,72,2,74,504,578,-18,6,2314,323,NA,NA,3215,111541,68882,NA,NA,NA,NA,NA,1433,2870,NA,NA,NA,NA,0.21,NA,NA,8,1
2020-05-22,68,2,70,415,485,-93,12,2417,325,NA,NA,3227,114062,70035,NA,NA,NA,NA,NA,1153,2521,NA,NA,NA,NA,0.48,NA,NA,7,2
2020-05-23,63,1,64,395,459,-26,6,2447,327,NA,NA,3233,116689,71043,NA,NA,NA,NA,NA,1008,2627,NA,NA,NA,NA,0.23,NA,NA,7,2
2020-05-24,62,1,63,349,412,-47,3,2495,329,NA,NA,3236,118852,72104,NA,NA,NA,NA,NA,1061,2163,NA,NA,NA,NA,0.14,NA,NA,6,2
2020-05-25,62,1,63,323,386,-26,4,2525,329,NA,NA,3240,120123,73079,NA,NA,NA,NA,NA,975,1271,NA,NA,NA,NA,0.31,NA,NA,6,0
2020-05-26,59,1,60,315,375,-11,11,2547,329,NA,NA,3251,121412,73911,NA,NA,NA,NA,NA,832,1289,NA,NA,NA,NA,0.85,NA,NA,7,0
2020-05-27,51,1,52,304,356,-19,4,2568,331,NA,NA,3255,123063,74332,NA,NA,NA,NA,NA,421,1651,NA,NA,NA,NA,0.24,NA,NA,7,2
2020-05-28,51,1,52,284,336,-20,7,2593,333,NA,NA,3262,126015,76369,NA,NA,NA,NA,NA,2037,2952,NA,NA,NA,NA,0.24,NA,NA,7,2
2020-05-29,45,2,47,276,323,-13,5,2611,333,NA,NA,3267,130838,78151,NA,NA,NA,NA,NA,1782,4823,NA,NA,NA,NA,0.1,NA,NA,6,0
2020-05-30,45,1,46,259,305,-18,4,2633,333,NA,NA,3271,131976,78972,NA,NA,NA,NA,NA,821,1138,NA,NA,NA,NA,0.35,NA,NA,5,0
2020-05-31,41,1,42,236,278,-27,2,2662,333,NA,NA,3273,134378,80223,NA,NA,NA,NA,NA,1251,2402,NA,NA,NA,NA,0.08,NA,NA,5,0
2020-06-01,40,2,42,224,266,-12,1,2673,335,NA,NA,3274,135431,80085,NA,NA,NA,NA,NA,-138,1053,NA,NA,NA,NA,0.09,NA,NA,5,2
2020-06-02,40,2,42,202,244,-22,2,2696,336,NA,NA,3276,136524,80795,NA,NA,NA,NA,NA,710,1093,NA,NA,NA,NA,0.18,NA,NA,4,1
2020-06-03,39,2,41,192,233,-11,0,2707,336,NA,NA,3276,138250,81683,NA,NA,NA,NA,NA,888,1726,NA,NA,NA,NA,0,NA,NA,3,0
2020-06-04,34,2,36,177,213,-20,3,2730,336,NA,NA,3279,138942,81854,NA,NA,NA,NA,NA,171,692,NA,NA,NA,NA,0.43,NA,NA,2,0
2020-06-05,25,2,27,153,180,-33,1,2762,338,NA,NA,3280,142246,83600,NA,NA,NA,NA,NA,1746,3304,NA,NA,NA,NA,0.03,NA,NA,2,2
2020-06-06,24,2,26,135,161,-19,3,2784,338,NA,NA,3283,146338,84978,NA,NA,NA,NA,NA,1378,4092,NA,NA,NA,NA,0.07,NA,NA,2,0
2020-06-07,22,4,26,125,151,-10,0,2793,339,NA,NA,3283,147673,85671,NA,NA,NA,NA,NA,693,1335,NA,NA,NA,NA,0,NA,NA,1,1
2020-06-08,22,3,25,119,144,-7,1,2800,340,NA,NA,3284,148030,85834,NA,NA,NA,NA,NA,163,357,NA,NA,NA,NA,0.28,NA,NA,1,1
2020-06-09,21,2,23,105,128,-16,0,2816,340,NA,NA,3284,148889,86257,NA,NA,NA,NA,NA,423,859,NA,NA,NA,NA,0,NA,NA,1,0
2020-06-10,25,1,26,87,113,-15,2,2832,341,NA,NA,3286,152866,90061,NA,NA,NA,NA,NA,3804,3977,NA,NA,NA,NA,0.05,NA,NA,1,1
2020-06-11,22,0,22,90,112,-1,1,2833,342,NA,NA,3287,153763,90508,NA,NA,NA,NA,NA,447,897,NA,NA,NA,NA,0.11,NA,NA,1,1
2020-06-12,18,0,18,90,108,-4,3,2840,342,NA,NA,3290,157909,92278,NA,NA,NA,NA,NA,1770,4146,NA,NA,NA,NA,0.07,NA,NA,1,0
2020-06-13,15,0,15,90,105,-3,6,2848,343,NA,NA,3296,158870,93222,NA,NA,NA,NA,NA,944,961,NA,NA,NA,NA,0.62,NA,NA,2,1
2020-06-14,15,1,16,87,103,-2,0,2850,343,NA,NA,3296,160824,93641,NA,NA,NA,NA,NA,419,1954,NA,NA,NA,NA,0,NA,NA,2,0
2020-06-15,15,1,16,83,99,-4,0,2854,343,NA,NA,3296,161945,94567,NA,NA,NA,NA,NA,926,1121,NA,NA,NA,NA,0,NA,NA,2,0
2020-06-16,14,0,14,85,99,0,1,2855,343,NA,NA,3297,162440,95057,NA,NA,NA,NA,NA,490,495,NA,NA,NA,NA,0.2,NA,NA,2,0
2020-06-17,16,0,16,83,99,0,2,2857,343,NA,NA,3299,166064,96534,NA,NA,NA,NA,NA,1477,3624,NA,NA,NA,NA,0.06,NA,NA,2,0
2020-06-18,15,1,16,81,97,-2,2,2861,343,NA,NA,3301,167485,97662,NA,NA,NA,NA,NA,1128,1421,NA,NA,NA,NA,0.14,NA,NA,2,0
2020-06-19,16,0,16,69,85,-12,2,2875,343,NA,NA,3303,170109,98912,NA,NA,NA,NA,NA,1250,2624,NA,NA,NA,NA,0.08,NA,NA,2,0
2020-06-20,16,1,17,66,83,-2,1,2877,344,NA,NA,3304,171947,99462,NA,NA,NA,NA,NA,550,1838,NA,NA,NA,NA,0.05,NA,NA,1,1
2020-06-21,16,0,16,62,78,-5,1,2883,344,NA,NA,3305,174652,101192,NA,NA,NA,NA,NA,1730,2705,NA,NA,NA,NA,0.04,NA,NA,1,0
2020-06-22,15,0,15,57,72,-6,0,2889,344,NA,NA,3305,175706,101622,NA,NA,NA,NA,NA,430,1054,NA,NA,NA,NA,0,NA,NA,1,0
2020-06-23,14,0,14,57,71,-1,0,2890,344,NA,NA,3305,176470,102267,NA,NA,NA,NA,NA,645,764,NA,NA,NA,NA,0,NA,NA,1,0
2020-06-24,13,0,13,44,57,-14,0,2904,344,NA,NA,3305,178733,103086,NA,NA,NA,NA,NA,819,2263,NA,NA,NA,NA,0,NA,NA,1,0
2020-06-25,12,0,12,41,53,-4,0,2907,345,3305,0,3305,180978,103759,NA,NA,NA,NA,NA,673,2245,NA,NA,NA,NA,0,NA,NA,1,1
2020-06-26,13,0,13,35,48,-5,2,2914,345,3306,1,3307,183824,104501,NA,NA,NA,NA,NA,742,2846,NA,NA,NA,NA,0.07,NA,NA,1,0
2020-06-27,12,0,12,30,42,-6,0,2920,345,3306,1,3307,185651,105108,NA,NA,NA,NA,NA,607,1827,NA,NA,NA,NA,0,NA,NA,0,0
2020-06-28,12,0,12,26,38,-4,1,2925,345,3307,1,3308,186781,105492,NA,NA,NA,NA,NA,384,1130,NA,NA,NA,NA,0.09,NA,NA,0,0
2020-06-29,12,0,12,24,36,-2,0,2927,345,3307,1,3308,187500,105815,NA,NA,NA,NA,NA,323,719,NA,NA,NA,NA,0,NA,NA,0,0
2020-06-30,9,0,9,36,45,9,0,2918,345,3307,1,3308,189955,106632,NA,NA,NA,NA,NA,817,2455,NA,NA,NA,NA,0,NA,NA,0,0
2020-07-01,6,0,6,50,56,11,4,2911,345,3311,1,3312,192106,107364,NA,NA,NA,NA,NA,732,2151,NA,NA,NA,NA,0.19,NA,NA,1,0
2020-07-02,6,0,6,56,62,6,2,2907,345,3311,3,3314,194395,107907,NA,NA,NA,NA,NA,543,2289,NA,NA,NA,NA,0.09,NA,NA,1,0
2020-07-03,6,0,6,62,68,6,4,2905,345,3315,3,3318,196975,108444,NA,NA,NA,NA,NA,537,2580,NA,NA,NA,NA,0.16,NA,NA,2,0
2020-07-04,6,0,6,67,73,5,8,2908,345,3322,4,3326,199207,109076,NA,NA,NA,NA,NA,632,2232,NA,NA,NA,NA,0.36,NA,NA,3,0
2020-07-05,7,0,7,66,73,0,0,2908,345,3322,4,3326,199988,109389,NA,NA,NA,NA,NA,313,781,NA,NA,NA,NA,0,NA,NA,3,0
2020-07-06,9,0,9,62,71,-2,0,2910,345,3322,4,3326,200651,109777,NA,NA,NA,NA,NA,388,663,NA,NA,NA,NA,0,NA,NA,3,0
2020-07-07,7,0,7,65,72,1,1,2910,345,3323,4,3327,202753,110428,NA,NA,NA,NA,NA,651,2102,NA,NA,NA,NA,0.05,NA,NA,3,0
2020-07-08,8,0,8,74,82,10,4,2904,345,3325,6,3331,204580,111069,NA,NA,NA,NA,NA,641,1827,NA,NA,NA,NA,0.22,NA,NA,3,0
2020-07-09,2,0,2,73,75,-7,1,2912,345,3326,6,3332,206808,111646,NA,NA,NA,NA,NA,577,2228,NA,NA,NA,NA,0.04,NA,NA,3,0
2020-07-10,2,0,2,76,78,3,1,2910,345,3327,6,3333,209161,112349,NA,NA,NA,NA,NA,703,2353,NA,NA,NA,NA,0.04,NA,NA,2,0
2020-07-11,1,0,1,78,79,1,2,2911,345,3328,7,3335,211002,112962,NA,NA,NA,NA,NA,613,1841,NA,NA,NA,NA,0.11,NA,NA,1,0
2020-07-12,2,0,2,77,79,0,0,2911,345,3328,7,3335,212196,113699,NA,NA,NA,NA,NA,737,1194,NA,NA,NA,NA,0,NA,NA,1,0
2020-07-13,3,0,3,77,80,1,0,2910,345,3328,7,3335,212714,113993,NA,NA,NA,NA,NA,294,518,NA,NA,NA,NA,0,NA,NA,1,0
2020-07-14,4,0,4,82,86,6,3,2907,345,3331,7,3338,214706,114618,NA,NA,NA,NA,NA,625,1992,NA,NA,NA,NA,0.15,NA,NA,2,0
2020-07-15,5,0,5,88,93,7,1,2901,345,3332,7,3339,217376,115345,NA,NA,NA,NA,NA,727,2670,NA,NA,NA,NA,0.04,NA,NA,1,0
2020-07-16,7,0,7,90,97,4,4,2901,345,3336,7,3343,219943,116013,NA,NA,NA,NA,NA,668,2567,NA,NA,NA,NA,0.16,NA,NA,2,0
2020-07-17,7,0,7,89,96,-1,3,2905,345,3339,7,3346,222778,116622,NA,NA,NA,NA,NA,609,2835,NA,NA,NA,NA,0.11,NA,NA,2,0
2020-07-18,7,0,7,92,99,3,4,2906,345,3343,7,3350,224856,117057,NA,NA,NA,NA,NA,435,2078,NA,NA,NA,NA,0.19,NA,NA,2,0
2020-07-19,7,0,7,89,96,-3,2,2911,345,3345,7,3352,226187,117551,NA,NA,NA,NA,NA,494,1331,NA,NA,NA,NA,0.15,NA,NA,2,0
2020-07-20,7,0,7,92,99,3,4,2912,345,3346,10,3356,227019,118033,NA,NA,NA,NA,NA,482,832,NA,NA,NA,NA,0.48,NA,NA,3,0
2020-07-21,7,0,7,92,99,0,2,2914,345,3346,12,3358,229633,118838,NA,NA,NA,NA,NA,805,2614,NA,NA,NA,NA,0.08,NA,NA,3,0
2020-07-22,8,0,8,90,98,-1,2,2917,345,3347,13,3360,232099,119547,NA,NA,NA,NA,NA,709,2466,NA,NA,NA,NA,0.08,NA,NA,3,0
2020-07-23,7,1,8,89,97,-1,3,2921,345,3349,14,3363,234588,120339,NA,NA,NA,NA,NA,792,2489,NA,NA,NA,NA,0.12,NA,NA,3,0
2020-07-24,9,2,11,87,98,1,5,2925,345,3354,14,3368,237371,121040,NA,NA,NA,NA,NA,701,2783,NA,NA,NA,NA,0.18,NA,NA,3,0
2020-07-25,8,2,10,93,103,5,5,2925,345,3359,14,3373,239572,121861,NA,NA,NA,NA,NA,821,2201,NA,NA,NA,NA,0.23,NA,NA,3,0
2020-07-26,9,2,11,94,105,2,2,2925,345,3361,14,3375,240424,122167,NA,NA,NA,NA,NA,306,852,NA,NA,NA,NA,0.23,NA,NA,3,0
2020-07-27,8,2,10,102,112,7,0,2918,345,3361,14,3375,241291,122564,NA,NA,NA,NA,NA,397,867,NA,NA,NA,NA,0,NA,NA,3,0
2020-07-28,7,2,9,103,112,0,0,2918,345,3361,14,3375,243893,123405,NA,NA,NA,NA,NA,841,2602,NA,NA,NA,NA,0,NA,NA,2,0
2020-07-29,8,2,10,102,112,0,3,2921,345,3364,14,3378,246256,124140,NA,NA,NA,NA,NA,735,2363,NA,NA,NA,NA,0.13,NA,NA,3,0
2020-07-30,9,2,11,111,122,10,13,2924,345,3376,15,3391,249091,124938,NA,NA,NA,NA,NA,798,2835,NA,NA,NA,NA,0.46,NA,NA,4,0
2020-07-31,9,2,11,111,122,0,3,2927,345,3377,17,3394,251621,125634,NA,NA,NA,NA,NA,696,2530,NA,NA,NA,NA,0.12,NA,NA,4,0
2020-08-01,8,3,11,118,129,7,7,2927,345,3380,21,3401,254163,126425,NA,NA,NA,NA,NA,791,2542,NA,NA,NA,NA,0.28,NA,NA,4,0
2020-08-02,9,3,12,125,137,8,10,2929,345,3382,29,3411,255780,126943,NA,NA,NA,NA,NA,518,1617,NA,NA,NA,NA,0.62,NA,NA,5,0
2020-08-03,9,3,12,124,136,-1,0,2929,346,3388,23,3411,256348,127228,NA,NA,NA,NA,NA,285,568,NA,NA,NA,NA,0,NA,NA,5,1
2020-08-04,7,2,9,129,138,2,5,2932,346,3391,25,3416,258647,127931,NA,NA,NA,NA,NA,703,2299,NA,NA,NA,NA,0.22,NA,NA,6,0
2020-08-05,8,2,10,137,147,9,9,2932,346,3400,25,3425,261538,128698,NA,NA,NA,NA,NA,767,2891,NA,NA,NA,NA,0.31,NA,NA,7,0
2020-08-06,11,2,13,140,153,6,7,2933,346,3404,28,3432,263885,129283,NA,NA,NA,NA,NA,585,2347,NA,NA,NA,NA,0.3,NA,NA,6,0
2020-08-07,13,3,16,139,155,2,4,2935,346,3407,29,3436,266031,129930,NA,NA,NA,NA,NA,647,2146,NA,NA,NA,NA,0.19,NA,NA,6,0
2020-08-08,11,3,14,146,160,5,6,2936,346,3413,29,3442,267861,130500,NA,NA,NA,NA,NA,570,1830,NA,NA,NA,NA,0.33,NA,NA,6,0
2020-08-09,11,3,14,152,166,6,7,2937,346,3418,31,3449,269138,131023,NA,NA,NA,NA,NA,523,1277,NA,NA,NA,NA,0.55,NA,NA,5,0
2020-08-10,10,3,13,151,164,-2,0,2938,347,3418,31,3449,269791,131332,NA,NA,NA,NA,NA,309,653,NA,NA,NA,NA,0,NA,NA,5,1
2020-08-11,8,3,11,145,156,-8,3,2948,348,3420,32,3452,272158,132027,NA,NA,NA,NA,NA,695,2367,NA,NA,NA,NA,0.13,NA,NA,5,1
2020-08-12,7,3,10,154,164,8,9,2949,348,3428,33,3461,274643,132663,NA,NA,NA,NA,NA,636,2485,NA,NA,NA,NA,0.36,NA,NA,5,0
2020-08-13,7,3,10,166,176,12,15,2952,348,3434,42,3476,277160,133284,NA,NA,NA,NA,NA,621,2517,NA,NA,NA,NA,0.6,NA,NA,6,0
2020-08-14,3,3,6,177,183,7,8,2953,348,3442,42,3484,279382,133870,NA,NA,NA,NA,NA,586,2222,NA,NA,NA,NA,0.36,NA,NA,7,0
2020-08-15,2,3,5,184,189,6,15,2962,348,3455,44,3499,282722,134780,NA,NA,NA,NA,NA,910,3340,NA,NA,NA,NA,0.45,NA,NA,8,0
2020-08-16,3,3,6,190,196,7,8,2963,348,3463,44,3507,283774,135467,NA,NA,NA,NA,NA,687,1052,NA,NA,NA,NA,0.76,NA,NA,8,0
2020-08-17,6,3,9,192,201,5,5,2963,348,3466,46,3512,284959,136278,NA,NA,NA,NA,NA,811,1185,NA,NA,NA,NA,0.42,NA,NA,9,0
2020-08-18,5,3,8,196,204,3,10,2970,348,3471,51,3522,288238,137468,NA,NA,NA,NA,NA,1190,3279,NA,NA,NA,NA,0.3,NA,NA,10,0
2020-08-19,7,3,10,200,210,6,11,2975,348,3477,56,3533,292632,139117,NA,NA,NA,NA,NA,1649,4394,NA,NA,NA,NA,0.25,NA,NA,10,0
2020-08-20,9,3,12,210,222,12,14,2977,348,3485,62,3547,296072,140671,NA,NA,NA,NA,NA,1554,3440,NA,NA,NA,NA,0.41,NA,NA,10,0
2020-08-21,9,2,11,232,243,21,36,2992,348,3503,80,3583,299230,141840,NA,NA,NA,NA,NA,1169,3158,NA,NA,NA,NA,1.14,NA,NA,14,0
2020-08-22,9,2,11,261,272,29,33,2996,348,3530,86,3616,302592,143300,NA,NA,NA,NA,NA,1460,3362,NA,NA,NA,NA,0.98,NA,NA,17,0
2020-08-23,10,2,12,279,291,19,24,3001,348,3552,88,3640,305157,144651,NA,NA,NA,NA,NA,1351,2565,NA,NA,NA,NA,0.94,NA,NA,19,0
2020-08-24,11,2,13,278,291,0,2,3003,348,3554,88,3642,306058,145196,NA,NA,NA,NA,NA,545,901,NA,NA,NA,NA,0.22,NA,NA,19,0
2020-08-25,13,2,15,283,298,7,9,3005,348,3561,90,3651,307466,145371,NA,NA,NA,NA,NA,175,1408,NA,NA,NA,NA,0.64,NA,NA,18,0
2020-08-26,14,0,14,307,321,23,33,3015,348,3583,101,3684,312975,147690,NA,NA,NA,NA,NA,2319,5509,NA,NA,NA,NA,0.6,NA,NA,22,0
2020-08-27,13,0,13,322,335,14,25,3026,348,3599,110,3709,316478,149088,NA,NA,NA,NA,NA,1398,3503,NA,NA,NA,NA,0.71,NA,NA,23,0
2020-08-28,13,0,13,334,347,12,19,3033,348,3607,121,3728,318708,149961,NA,NA,NA,NA,NA,873,2230,NA,NA,NA,NA,0.85,NA,NA,21,0
2020-08-29,15,0,15,333,348,1,20,3052,348,3627,121,3748,323840,151497,NA,NA,NA,NA,NA,1536,5132,NA,NA,NA,NA,0.39,NA,NA,19,0
2020-08-30,15,1,16,344,360,12,16,3056,348,3636,128,3764,325275,152158,NA,NA,NA,NA,NA,661,1435,NA,NA,NA,NA,1.11,NA,NA,18,0
2020-08-31,13,2,15,350,365,5,5,3056,348,3640,129,3769,325992,152510,NA,NA,NA,NA,NA,352,717,NA,NA,NA,NA,0.7,NA,NA,18,0
2020-09-01,12,2,14,363,377,12,17,3061,348,3647,139,3786,328814,153624,NA,NA,NA,NA,NA,1114,2822,NA,NA,NA,NA,0.6,NA,NA,19,0
2020-09-02,11,3,14,373,387,10,20,3070,349,3660,146,3806,332115,154882,NA,NA,NA,NA,NA,1258,3301,NA,NA,NA,NA,0.61,NA,NA,17,1
2020-09-03,12,3,15,387,402,15,25,3080,349,3675,156,3831,335163,155933,NA,NA,NA,NA,NA,1051,3048,NA,NA,NA,NA,0.82,NA,NA,17,0
2020-09-04,11,4,15,397,412,10,23,3093,349,3689,165,3854,338607,156816,NA,NA,NA,NA,NA,883,3444,NA,NA,NA,NA,0.67,NA,NA,18,0
2020-09-05,15,3,18,427,445,33,49,3109,349,3728,175,3903,341393,157947,NA,NA,NA,NA,NA,1131,2786,NA,NA,NA,NA,1.76,NA,NA,22,0
2020-09-06,15,4,19,440,459,14,20,3115,349,3743,180,3923,342676,158395,NA,NA,NA,NA,NA,448,1283,NA,NA,NA,NA,1.56,NA,NA,23,0
2020-09-07,16,4,20,442,462,3,11,3123,349,3754,180,3934,344376,159063,NA,NA,NA,NA,NA,668,1700,NA,NA,NA,NA,0.65,NA,NA,24,0
2020-09-08,18,4,22,451,473,11,12,3124,349,3760,186,3946,346024,159635,NA,NA,NA,NA,NA,572,1648,NA,NA,NA,NA,0.73,NA,NA,23,0
2020-09-09,17,3,20,491,511,38,54,3140,349,3797,203,4000,349995,161026,NA,NA,NA,NA,NA,1391,3971,NA,NA,NA,NA,1.36,NA,NA,28,0
2020-09-10,17,3,20,526,546,35,39,3144,349,3827,212,4039,352278,161912,NA,NA,NA,NA,NA,886,2283,NA,NA,NA,NA,1.71,NA,NA,30,0
2020-09-11,17,3,20,542,562,16,34,3162,349,3851,222,4073,355644,162976,NA,NA,NA,NA,NA,1064,3366,NA,NA,NA,NA,1.01,NA,NA,31,0
2020-09-12,18,2,20,566,586,24,39,3177,349,3870,242,4112,358563,163837,NA,NA,NA,NA,NA,861,2919,NA,NA,NA,NA,1.34,NA,NA,30,0
2020-09-13,23,2,25,564,589,3,45,3219,349,3907,250,4157,360701,164825,NA,NA,NA,NA,NA,988,2138,NA,NA,NA,NA,2.1,NA,NA,33,0
2020-09-14,22,3,25,567,592,3,4,3220,349,3910,251,4161,361533,165276,NA,NA,NA,NA,NA,451,832,NA,NA,NA,NA,0.48,NA,NA,32,0
2020-09-15,24,2,26,583,609,17,20,3223,349,3924,257,4181,363690,166049,NA,NA,NA,NA,NA,773,2157,NA,NA,NA,NA,0.93,NA,NA,34,0
2020-09-16,22,3,25,587,612,3,29,3249,349,3949,261,4210,367917,167456,NA,NA,NA,NA,NA,1407,4227,NA,NA,NA,NA,0.69,NA,NA,30,0
2020-09-17,22,4,26,630,656,44,63,3268,349,3988,285,4273,371998,168808,NA,NA,NA,NA,NA,1352,4081,NA,NA,NA,NA,1.54,NA,NA,33,0
2020-09-18,22,4,26,646,672,16,39,3291,349,4017,295,4312,375150,169788,NA,NA,NA,NA,NA,980,3152,NA,NA,NA,NA,1.24,NA,NA,34,0
2020-09-19,20,3,23,658,681,9,33,3314,350,4045,300,4345,378789,170885,NA,NA,NA,NA,NA,1097,3639,NA,NA,NA,NA,0.91,NA,NA,33,1
2020-09-20,19,4,23,663,686,5,32,3341,350,4074,303,4377,380858,171811,NA,NA,NA,NA,NA,926,2069,NA,NA,NA,NA,1.55,NA,NA,31,0
2020-09-21,20,5,25,671,696,10,13,3344,350,4084,306,4390,381744,172262,NA,NA,NA,NA,NA,451,886,NA,NA,NA,NA,1.47,NA,NA,33,0
2020-09-22,21,5,26,677,703,7,14,3351,350,4092,312,4404,384040,173067,NA,NA,NA,NA,NA,805,2296,NA,NA,NA,NA,0.61,NA,NA,32,0
2020-09-23,16,6,22,688,710,7,57,3401,350,4136,325,4461,388810,174659,NA,NA,NA,NA,NA,1592,4770,NA,NA,NA,NA,1.19,NA,NA,36,0
2020-09-24,21,6,27,680,707,-3,28,3432,350,4158,331,4489,391844,175810,NA,NA,NA,NA,NA,1151,3034,NA,NA,NA,NA,0.92,NA,NA,31,0
2020-09-25,17,6,23,690,713,6,37,3463,350,4192,334,4526,395743,177070,NA,NA,NA,NA,NA,1260,3899,NA,NA,NA,NA,0.95,NA,NA,31,0
2020-09-26,18,6,24,694,718,5,54,3512,350,4240,340,4580,400218,178499,NA,NA,NA,NA,NA,1429,4475,NA,NA,NA,NA,1.21,NA,NA,34,0
2020-09-27,18,6,24,696,720,2,28,3537,351,4259,349,4608,402562,179595,NA,NA,NA,NA,NA,1096,2344,NA,NA,NA,NA,1.19,NA,NA,33,1
2020-09-28,18,6,24,697,721,1,2,3538,351,4261,349,4610,403262,179938,NA,NA,NA,NA,NA,343,700,NA,NA,NA,NA,0.29,NA,NA,31,0
2020-09-29,21,6,27,697,724,3,28,3563,351,4286,352,4638,406238,180925,NA,NA,NA,NA,NA,987,2976,NA,NA,NA,NA,0.94,NA,NA,33,0
2020-09-30,19,6,25,693,718,-6,28,3597,351,4314,352,4666,409780,182145,NA,NA,NA,NA,NA,1220,3542,NA,NA,NA,NA,0.79,NA,NA,29,0
2020-10-01,20,4,24,735,759,41,57,3613,351,4355,368,4723,414092,183898,NA,NA,NA,NA,NA,1753,4312,NA,NA,NA,NA,1.32,NA,NA,33,0
2020-10-02,18,2,20,773,793,34,66,3643,353,4412,377,4789,418775,185748,NA,NA,NA,NA,NA,1850,4683,NA,NA,NA,NA,1.41,NA,NA,38,2
2020-10-03,17,5,22,806,828,35,51,3659,353,4458,382,4840,422675,187109,NA,NA,NA,NA,NA,1361,3900,NA,NA,NA,NA,1.31,NA,NA,37,0
2020-10-04,18,5,23,828,851,23,50,3686,353,4503,387,4890,425043,188339,NA,NA,NA,NA,NA,1230,2368,NA,NA,NA,NA,2.11,NA,NA,40,0
2020-10-05,23,5,28,840,868,17,21,3690,353,4519,392,4911,426195,188881,NA,NA,NA,NA,NA,542,1152,NA,NA,NA,NA,1.82,NA,NA,43,0
2020-10-06,24,5,29,879,908,40,51,3699,355,4564,398,4962,429243,190029,NA,NA,NA,NA,NA,1148,3048,NA,NA,NA,NA,1.67,NA,NA,46,2
2020-10-07,26,6,32,913,945,37,72,3734,355,4632,402,5034,434417,192089,NA,NA,NA,NA,NA,2060,5174,NA,NA,NA,NA,1.39,NA,NA,53,0
2020-10-08,23,6,29,991,1020,75,110,3769,355,4732,412,5144,439370,194340,NA,NA,NA,NA,NA,2251,4953,NA,NA,NA,NA,2.22,NA,NA,60,0
2020-10-09,23,6,29,1112,1141,121,146,3794,355,4853,437,5290,443677,195965,NA,NA,NA,NA,NA,1625,4307,NA,NA,NA,NA,3.39,NA,NA,72,0
2020-10-10,23,6,29,1215,1244,103,126,3817,355,4976,440,5416,447946,197963,NA,NA,NA,NA,NA,1998,4269,NA,NA,NA,NA,2.95,NA,NA,82,0
2020-10-11,22,5,27,1296,1323,79,97,3834,356,5071,442,5513,449640,198763,NA,NA,NA,NA,NA,800,1694,NA,NA,NA,NA,5.73,NA,NA,89,1
2020-10-12,22,5,27,1345,1372,49,59,3844,356,5130,442,5572,451336,199799,NA,NA,NA,NA,NA,1036,1696,NA,NA,NA,NA,3.48,NA,NA,94,0
2020-10-13,27,10,37,1367,1404,32,38,3850,356,5165,445,5610,454083,200782,NA,NA,NA,NA,NA,983,2747,NA,NA,NA,NA,1.38,NA,NA,93,0
2020-10-14,28,11,39,1515,1554,150,182,3882,356,5344,448,5792,460113,203239,NA,NA,NA,NA,NA,2457,6030,NA,NA,NA,NA,3.02,NA,NA,108,0
2020-10-15,32,11,43,1604,1647,93,136,3923,358,5472,456,5928,465140,205301,NA,NA,NA,NA,NA,2062,5027,NA,NA,NA,NA,2.71,NA,NA,112,2
2020-10-16,45,12,57,1742,1799,152,165,3935,359,5622,471,6093,470467,206998,NA,NA,NA,NA,NA,1697,5327,NA,NA,NA,NA,3.1,NA,NA,115,1
2020-10-17,49,13,62,1877,1939,140,167,3962,359,5782,478,6260,474807,208471,NA,NA,NA,NA,NA,1473,4340,NA,NA,NA,NA,3.85,NA,NA,121,0
2020-10-18,56,14,70,2011,2081,142,155,3973,361,5927,488,6415,477102,209531,NA,NA,NA,NA,NA,1060,2295,NA,NA,NA,NA,6.75,NA,NA,129,2
2020-10-19,62,13,75,2093,2168,87,90,3973,364,6017,488,6505,478383,210178,NA,NA,NA,NA,NA,647,1281,NA,NA,NA,NA,7.03,NA,NA,133,3
2020-10-20,65,14,79,1853,1932,-236,131,4338,366,6115,521,6636,482298,211397,NA,NA,NA,NA,NA,1219,3915,NA,NA,NA,NA,3.35,NA,NA,147,2
2020-10-21,76,16,92,2014,2106,174,219,4382,367,6306,549,6855,486925,212729,NA,NA,NA,NA,NA,1332,4627,NA,NA,NA,NA,4.73,NA,NA,152,1
2020-10-22,83,14,97,2128,2225,119,220,4482,368,6490,585,7075,492435,214444,NA,NA,NA,NA,NA,1715,5510,NA,NA,NA,NA,3.99,NA,NA,164,1
2020-10-23,88,19,107,2370,2477,252,340,4569,369,6792,623,7415,497736,216003,NA,NA,NA,NA,NA,1559,5301,NA,NA,NA,NA,6.41,NA,NA,189,1
2020-10-24,100,16,116,2660,2776,299,412,4679,372,7112,715,7827,504257,218014,NA,NA,NA,NA,NA,2011,6521,NA,NA,NA,NA,6.32,NA,NA,224,3
2020-10-25,112,23,135,2892,3027,251,334,4760,374,7375,786,8161,508057,219485,NA,NA,NA,NA,NA,1471,3800,NA,NA,NA,NA,8.79,NA,NA,249,2
2020-10-26,119,27,146,3139,3285,258,334,4833,377,7686,809,8495,511144,220578,NA,NA,NA,NA,NA,1093,3087,NA,NA,NA,NA,10.82,NA,NA,284,3
2020-10-27,139,31,170,3275,3445,160,241,4913,378,7886,850,8736,515566,222085,NA,NA,NA,NA,NA,1507,4422,NA,NA,NA,NA,5.45,NA,NA,300,1
2020-10-28,146,35,181,3551,3732,287,406,5028,382,8208,934,9142,521139,223790,NA,NA,NA,NA,NA,1705,5573,NA,NA,NA,NA,7.29,NA,NA,327,4
2020-10-29,152,34,186,3922,4108,376,468,5115,387,8609,1001,9610,526798,225536,NA,NA,NA,NA,NA,1746,5659,NA,NA,NA,NA,8.27,NA,NA,362,5
2020-10-30,161,35,196,4339,4535,427,505,5186,394,9019,1096,10115,532815,227470,NA,NA,NA,NA,NA,1934,6017,NA,NA,NA,NA,8.39,NA,NA,386,7
2020-10-31,167,36,203,4929,5132,597,726,5312,397,9630,1211,10841,539077,229633,NA,NA,NA,NA,NA,2163,6262,NA,NA,NA,NA,11.59,NA,NA,431,3
2020-11-01,180,38,218,5158,5376,244,403,5470,398,9981,1263,11244,542817,230864,NA,NA,NA,NA,NA,1231,3740,NA,NA,NA,NA,10.78,NA,NA,440,1
2020-11-02,179,37,216,5337,5553,177,218,5506,403,10146,1316,11462,545374,231668,NA,NA,NA,NA,NA,804,2557,NA,NA,NA,NA,8.53,NA,NA,424,5
2020-11-03,205,39,244,5514,5758,205,366,5659,411,10476,1352,11828,550607,233148,NA,NA,NA,NA,NA,1480,5233,NA,NA,NA,NA,6.99,NA,NA,442,8
2020-11-04,215,40,255,5726,5981,223,436,5869,414,10807,1457,12264,555640,234748,NA,NA,NA,NA,NA,1600,5033,NA,NA,NA,NA,8.66,NA,NA,446,3
2020-11-05,268,44,312,6067,6379,398,546,6008,423,11257,1553,12810,561085,236298,NA,NA,NA,NA,NA,1550,5445,NA,NA,NA,NA,10.03,NA,NA,457,9
2020-11-06,260,44,304,6451,6755,376,542,6162,435,11675,1677,13352,567637,238032,NA,NA,NA,NA,NA,1734,6552,NA,NA,NA,NA,8.27,NA,NA,462,12
2020-11-07,286,45,331,7029,7360,605,872,6422,442,12386,1838,14224,576329,240788,NA,NA,NA,NA,NA,2756,8692,NA,NA,NA,NA,10.03,NA,NA,483,7
2020-11-08,301,45,346,7295,7641,281,504,6636,451,12787,1941,14728,580815,242297,NA,NA,NA,NA,NA,1509,4486,NA,NA,NA,NA,11.23,NA,NA,498,9
2020-11-09,319,46,365,7467,7832,191,320,6760,456,13080,1968,15048,583139,243252,NA,NA,NA,NA,NA,955,2324,NA,NA,NA,NA,13.77,NA,NA,512,5
2020-11-10,336,47,383,7458,7841,9,482,7213,476,13482,2048,15530,589577,245027,NA,NA,NA,NA,NA,1775,6438,NA,NA,NA,NA,7.49,NA,NA,529,20
2020-11-11,346,46,392,7773,8165,324,572,7448,489,13960,2142,16102,595748,246668,NA,NA,NA,NA,NA,1641,6171,NA,NA,NA,NA,9.27,NA,NA,548,13
2020-11-12,346,47,393,8254,8647,482,838,7795,498,14675,2265,16940,603277,248809,NA,NA,NA,NA,NA,2141,7529,NA,NA,NA,NA,11.13,NA,NA,590,9
2020-11-13,366,47,413,8738,9151,504,831,8114,506,15378,2393,17771,610398,250805,NA,NA,NA,NA,NA,1996,7121,NA,NA,NA,NA,11.67,NA,NA,631,8
2020-11-14,378,45,423,9106,9529,378,558,8284,516,15816,2513,18329,615669,252095,NA,NA,NA,NA,NA,1290,5271,NA,NA,NA,NA,10.59,NA,NA,586,10
2020-11-15,401,43,444,9483,9927,398,608,8482,528,16278,2659,18937,620174,253332,NA,NA,NA,NA,NA,1237,4505,NA,NA,NA,NA,13.5,NA,NA,601,12
2020-11-16,407,47,454,9601,10055,128,456,8792,546,16657,2736,19393,623585,254630,NA,NA,NA,NA,NA,1298,3411,NA,NA,NA,NA,13.37,NA,NA,621,18
2020-11-17,454,44,498,9923,10421,366,536,8952,556,17057,2872,19929,629511,255770,NA,NA,NA,NA,NA,1140,5926,NA,NA,NA,NA,9.04,NA,NA,628,10
2020-11-18,470,49,519,10235,10754,333,796,9404,567,17665,3060,20725,636812,257516,NA,NA,NA,NA,NA,1746,7301,NA,NA,NA,NA,10.9,NA,NA,660,11
2020-11-19,485,48,533,11112,11645,891,1197,9697,580,18558,3364,21922,643492,259446,NA,NA,NA,NA,NA,1930,6680,NA,NA,NA,NA,17.92,NA,NA,712,13
2020-11-20,505,54,559,11616,12175,530,1018,10157,608,19425,3515,22940,651014,261532,NA,NA,NA,NA,NA,2086,7522,NA,NA,NA,NA,13.53,NA,NA,738,28
2020-11-21,509,55,564,12193,12757,582,1043,10593,633,20317,3666,23983,658272,263440,NA,NA,NA,NA,NA,1908,7258,NA,NA,NA,NA,14.37,NA,NA,808,25
2020-11-22,545,56,601,12450,13051,294,675,10961,646,20886,3772,24658,664296,264942,NA,NA,NA,NA,NA,1502,6024,NA,NA,NA,NA,11.21,NA,NA,817,13
2020-11-23,565,55,620,12585,13205,154,377,11157,673,21232,3803,25035,667212,265792,NA,NA,NA,NA,NA,850,2916,NA,NA,NA,NA,12.93,NA,NA,806,27
2020-11-24,561,54,615,12732,13347,142,554,11543,699,21716,3873,25589,673076,267036,NA,NA,NA,NA,NA,1244,5864,NA,NA,NA,NA,9.45,NA,NA,809,26
2020-11-25,588,54,642,12894,13536,189,696,12034,715,22310,3975,26285,679986,268850,NA,NA,NA,NA,NA,1814,6910,NA,NA,NA,NA,10.07,NA,NA,794,16
2020-11-26,599,55,654,13168,13822,286,814,12536,741,23010,4089,27099,687612,270753,NA,NA,NA,NA,NA,1903,7626,NA,NA,NA,NA,10.67,NA,NA,740,26
2020-11-27,594,55,649,13606,14255,433,864,12932,776,23771,4192,27963,694896,272700,NA,NA,NA,NA,NA,1947,7284,NA,NA,NA,NA,11.86,NA,NA,718,35
2020-11-28,604,53,657,13339,13996,-259,1432,14598,801,25140,4255,29395,709897,278729,NA,NA,NA,NA,NA,6029,15001,NA,NA,NA,NA,9.55,NA,NA,773,25
2020-11-29,620,57,677,13632,14309,313,680,14949,817,25753,4322,30075,713195,280065,NA,NA,NA,NA,NA,1336,3298,NA,NA,NA,NA,20.62,NA,NA,774,16
2020-11-30,633,55,688,13827,14515,206,575,15297,838,26263,4387,30650,720175,281701,NA,NA,NA,NA,NA,1636,6980,NA,NA,NA,NA,8.24,NA,NA,802,21
2020-12-01,637,62,699,13769,14468,-47,736,16055,863,26880,4506,31386,727045,284047,NA,NA,NA,NA,NA,2346,6870,NA,NA,NA,NA,10.71,NA,NA,828,25
2020-12-02,652,58,710,13983,14693,225,812,16616,889,27620,4578,32198,734865,286147,NA,NA,NA,NA,NA,2100,7820,NA,NA,NA,NA,10.38,NA,NA,845,26
2020-12-03,629,59,688,14195,14883,190,772,17146,941,0,0,32970,744835,290494,7,NA,NA,NA,NA,4347,9970,NA,NA,NA,NA,7.74,NA,NA,839,52
2020-12-04,632,59,691,14482,15173,290,1040,17860,977,NA,NA,34010,754205,293200,7,NA,NA,NA,NA,2706,9370,NA,NA,NA,NA,11.1,NA,NA,864,36
2020-12-05,640,58,698,14366,15064,-109,755,18693,1008,NA,NA,34765,762058,295536,4,NA,NA,NA,NA,2336,7853,NA,NA,NA,NA,9.61,NA,NA,767,31
2020-12-06,652,59,711,14320,15031,-33,702,19401,1035,NA,NA,35467,768285,296752,7,NA,NA,NA,NA,1216,6227,NA,NA,NA,NA,11.27,NA,NA,770,27
2020-12-07,665,58,723,14146,14869,-162,359,19898,1059,NA,NA,35826,772266,298472,2,NA,NA,NA,NA,1720,3981,NA,NA,NA,NA,9.02,NA,NA,739,24
2020-12-08,658,64,722,14155,14877,8,658,20518,1089,NA,NA,36484,778693,300223,8,NA,NA,NA,NA,1751,6427,NA,NA,NA,NA,10.24,NA,NA,728,30
2020-12-09,663,63,726,14229,14955,78,633,21040,1122,NA,NA,37117,783883,301832,5,NA,NA,NA,NA,1609,5190,NA,NA,NA,NA,12.2,NA,NA,703,33
2020-12-10,652,62,714,13481,14195,-760,672,22430,1164,NA,NA,37789,792239,303968,5,NA,NA,NA,NA,2136,8356,NA,NA,NA,NA,8.04,NA,NA,688,42
2020-12-11,644,63,707,13528,14235,40,843,23210,1187,NA,NA,38632,800671,306150,8,NA,NA,NA,NA,2182,8432,NA,NA,NA,NA,10,NA,NA,660,23
2020-12-12,654,59,713,13642,14355,120,884,23946,1215,NA,NA,39516,809115,306882,8,NA,NA,NA,NA,732,8444,NA,NA,NA,NA,10.47,NA,NA,679,28
2020-12-13,655,60,715,13458,14173,-182,573,24683,1233,NA,NA,40089,815900,310500,3,NA,NA,NA,NA,3618,6785,NA,NA,NA,NA,8.45,NA,NA,660,18
2020-12-14,660,58,718,13370,14088,-85,402,25156,1247,NA,NA,40491,819153,311349,0,NA,NA,NA,NA,849,3253,NA,NA,NA,NA,12.36,NA,NA,666,14
2020-12-15,654,56,710,13229,13939,-149,829,26082,1299,NA,NA,41320,828919,315194,3,NA,NA,NA,NA,3845,9766,NA,NA,NA,NA,8.49,NA,NA,691,52
2020-12-16,634,54,688,13063,13751,-188,779,27009,1339,NA,NA,42099,837745,317196,7,NA,NA,NA,NA,2002,8826,NA,NA,NA,NA,8.83,NA,NA,712,40
2020-12-17,630,57,687,12534,13221,-530,707,28219,1366,NA,NA,42806,846841,319134,9,NA,NA,NA,NA,1938,9096,NA,NA,NA,NA,7.77,NA,NA,717,27
2020-12-18,601,59,660,13091,13751,530,753,28409,1399,NA,NA,43559,854622,319134,6,NA,NA,NA,NA,0,7781,NA,NA,NA,NA,9.68,NA,NA,704,33
2020-12-19,594,55,649,12831,13480,-271,974,29645,1408,NA,NA,44533,864718,323999,2,NA,NA,NA,NA,4865,10096,NA,NA,NA,NA,9.65,NA,NA,717,9
2020-12-20,602,55,657,12605,13262,-218,658,30500,1429,NA,NA,45191,870866,325867,6,NA,NA,NA,NA,1868,6148,NA,NA,NA,NA,10.7,NA,NA,729,21
2020-12-21,607,56,663,12584,13247,-15,244,30744,1444,NA,NA,45435,873224,326689,3,NA,NA,NA,NA,822,2358,NA,NA,NA,NA,10.35,NA,NA,706,15
2020-12-22,598,57,655,12561,13216,-31,549,31291,1477,NA,NA,45984,880631,328586,7,NA,NA,NA,NA,1897,7407,NA,NA,NA,NA,7.41,NA,NA,666,33
2020-12-23,595,56,651,11624,12275,-941,512,32110,1499,NA,NA,45884,887279,330123,6,NA,NA,NA,NA,1537,6648,NA,NA,NA,NA,7.7,NA,NA,628,22
2020-12-24,582,56,638,11464,12102,-173,831,33099,1514,NA,NA,46715,898714,332699,4,NA,NA,NA,NA,2576,11435,NA,NA,NA,NA,7.27,NA,NA,646,15
2020-12-25,572,54,626,11458,12084,-18,584,33681,1534,NA,NA,47299,904549,334240,4,NA,NA,NA,NA,1541,5835,NA,NA,NA,NA,10.01,NA,NA,622,20
2020-12-26,587,56,643,11482,12125,41,224,33849,1549,NA,NA,47523,906413,334858,5,NA,NA,NA,NA,618,1864,NA,NA,NA,NA,12.02,NA,NA,515,15
2020-12-27,626,58,684,11506,12190,65,144,33913,1564,NA,NA,47667,907700,335221,4,NA,NA,NA,NA,363,1287,NA,NA,NA,NA,11.19,NA,NA,441,15
2020-12-28,645,56,701,11411,12112,-78,187,34151,1591,NA,NA,47854,909588,335797,9,NA,NA,NA,NA,576,1888,NA,NA,NA,NA,9.9,NA,NA,433,27
2020-12-29,655,60,715,11062,11777,-335,493,34958,1612,NA,NA,48347,916889,337351,7,NA,NA,NA,NA,1554,7301,NA,NA,NA,NA,6.75,NA,NA,425,21
2020-12-30,641,59,700,10947,11647,-130,803,35876,1627,NA,NA,49150,924819,338891,5,NA,NA,NA,NA,1540,7930,NA,NA,NA,NA,10.13,NA,NA,467,15
2020-12-31,645,62,707,11091,11798,151,877,36587,1642,NA,NA,50027,933082,341139,14,NA,NA,NA,NA,2248,8263,NA,NA,NA,NA,10.61,NA,NA,473,15
2021-01-01,647,63,710,11043,11753,-45,715,37320,1669,NA,NA,50742,940153,342937,11,NA,NA,NA,NA,1798,7071,NA,NA,NA,NA,10.11,NA,NA,492,27
2021-01-02,652,63,715,11132,11847,94,359,37567,1687,NA,NA,51101,942810,343713,4,NA,NA,NA,NA,776,2657,NA,NA,NA,NA,13.51,NA,NA,511,18
2021-01-03,658,61,719,10930,11649,-198,200,37945,1707,NA,NA,51301,945021,344372,6,NA,NA,NA,NA,659,2211,NA,NA,NA,NA,9.05,NA,NA,519,20
2021-01-04,663,63,726,10967,11693,44,281,38158,1731,NA,NA,51582,947459,345095,7,NA,NA,NA,NA,723,2438,NA,NA,NA,NA,11.53,NA,NA,533,24
2021-01-05,657,59,716,11078,11794,101,688,38704,1772,NA,NA,52270,954564,346775,3,NA,NA,NA,NA,1680,7105,NA,NA,NA,NA,9.68,NA,NA,560,41
2021-01-06,649,62,711,11119,11830,36,606,39241,1805,NA,NA,52876,960944,348178,7,NA,NA,NA,NA,1403,6380,NA,NA,NA,NA,9.5,NA,NA,532,33
2021-01-07,661,64,725,11640,12365,535,671,39744,1834,NA,NA,53943,967089,349970,6,NA,NA,NA,NA,1792,6145,NA,NA,NA,NA,10.92,NA,NA,503,29
2021-01-08,671,64,735,11841,12576,211,633,40138,1862,NA,NA,54576,973526,351423,4,NA,NA,NA,NA,1453,6437,NA,NA,NA,NA,9.83,NA,NA,491,28
2021-01-09,690,62,752,12138,12890,314,1015,40825,1876,NA,NA,55591,981950,353683,3,NA,NA,NA,NA,2260,8424,NA,NA,NA,NA,12.05,NA,NA,585,14
2021-01-10,703,64,767,12118,12885,-5,642,41450,1898,NA,NA,56233,986523,355337,7,NA,NA,NA,NA,1654,4573,NA,NA,NA,NA,14.04,NA,NA,648,22
2021-01-11,688,67,755,12164,12919,34,361,41747,1928,NA,NA,56594,989014,356255,8,NA,NA,NA,NA,918,2491,NA,NA,NA,NA,14.49,NA,NA,659,30
2021-01-12,671,68,739,12179,12918,-1,647,42373,1950,NA,NA,57241,996728,358306,7,NA,NA,NA,NA,2051,7714,NA,NA,NA,NA,8.39,NA,NA,654,22
2021-01-13,665,69,734,12064,12798,-120,546,43008,1981,NA,NA,57787,1004009,359710,8,NA,NA,NA,NA,1404,7281,NA,NA,NA,NA,7.5,NA,NA,645,31
2021-01-14,668,68,736,12127,12863,65,805,43723,2006,NA,NA,58592,1011978,361869,5,NA,NA,NA,NA,2159,7969,NA,NA,NA,NA,10.1,NA,NA,664,25
2021-01-15,688,68,756,12123,12879,16,919,44597,2035,NA,NA,59511,1022612,365548,6,59290,221,1019603,3009,3679,10634,NA,NA,NA,NA,8.64,NA,NA,705,29
2021-01-16,682,66,748,12235,12983,104,870,45328,2070,NA,NA,60381,1031793,368762,7,59961,420,1026760,5033,3214,9181,7157,2024,671,199,9.48,9.38,9.83,684,35
2021-01-17,677,63,740,11998,12738,-245,385,45936,2092,NA,NA,60766,1036684,370840,3,60274,492,1030869,5815,2078,4891,4109,782,313,72,7.87,7.62,9.21,648,22
2021-01-18,680,63,743,11942,12685,-53,153,46121,2113,NA,NA,60919,1038677,371716,3,60394,525,1032465,6212,876,1993,1596,397,120,33,7.68,7.52,8.31,618,21
2021-01-19,691,63,754,11831,12585,-100,454,46657,2131,NA,NA,61373,1049086,375814,4,60659,714,1039415,9671,4098,10409,6950,3459,265,189,4.36,3.81,5.46,590,18
2021-01-20,693,58,751,11580,12331,-254,672,47557,2157,NA,NA,62045,1059906,382543,5,61123,922,1046980,12926,6729,10820,7565,3255,464,208,6.21,6.13,6.39,608,26
2021-01-21,680,59,739,11441,12180,-151,657,48339,2183,NA,NA,62702,1069891,388963,5,61627,1075,1054797,15094,6420,9985,7817,2168,504,153,6.58,6.45,7.06,587,26
2021-01-22,669,61,730,11360,12090,-90,452,48858,2206,NA,NA,63154,1077328,393779,6,61983,1171,1060923,16405,4816,7437,6126,1311,356,96,6.08,5.81,7.32,520,23
2021-01-23,672,63,735,11163,11898,-192,679,49705,2230,NA,NA,63833,1087567,397725,5,62423,1410,1067967,19600,3946,10239,7044,3195,440,239,6.63,6.25,7.48,493,24
2021-01-24,685,61,746,11010,11756,-142,505,50339,2243,NA,NA,64338,1093381,400117,2,62814,1524,1072528,20853,2392,5814,4561,1253,391,114,8.69,8.57,9.1,510,13
2021-01-25,686,62,748,10825,11573,-183,181,50680,2266,NA,NA,64519,1095819,401023,7,62961,1558,1074648,21171,906,2438,2120,318,147,34,7.42,6.93,10.69,514,23
2021-01-26,668,64,732,10758,11490,-83,421,51151,2299,NA,NA,64940,1104766,403830,5,63203,1737,1080754,24012,2807,8947,6106,2841,242,179,4.71,3.96,6.3,510,33
2021-01-27,646,61,707,10685,11392,-98,584,51807,2325,NA,NA,65524,1115834,407208,3,63563,1961,1087473,28361,3378,11068,6719,4349,360,224,5.28,5.36,5.15,497,26
2021-01-28,619,59,678,10682,11360,-32,642,52460,2346,NA,NA,66166,1124994,409877,3,64052,2114,1095097,29897,2669,9160,7624,1536,489,153,7.01,6.41,9.96,495,21
2021-01-29,605,59,664,10707,11371,11,557,52988,2364,NA,NA,66723,1134427,412664,7,64445,2278,1101914,32513,2787,9433,6817,2616,393,164,5.9,5.76,6.27,510,18
2021-01-30,596,57,653,10641,11294,-77,415,53466,2378,NA,NA,67138,1142473,415009,3,64737,2401,1107990,34483,2345,8046,6076,1970,292,123,5.16,4.81,6.24,472,14
2021-01-31,590,60,650,10683,11333,39,396,53807,2394,NA,NA,67534,1146864,416815,8,65047,2487,1111452,35412,1806,4391,3462,929,310,86,9.02,8.95,9.26,457,16
2021-02-01,593,61,654,10655,11309,-24,129,53936,2418,NA,NA,67663,1148761,417547,10,65127,2536,1112860,35901,732,1897,1408,489,80,49,6.8,5.68,10.02,449,24
2021-02-02,579,61,640,10586,11226,-83,258,54251,2444,NA,NA,67921,1154752,418885,8,65319,2602,1118072,36680,1338,5991,5212,779,192,66,4.31,3.68,8.47,426,26
2021-02-03,561,63,624,10556,11180,-46,692,54962,2471,NA,NA,68613,1166449,422735,5,65818,2795,1126574,39875,3850,11697,8502,3195,499,193,5.92,5.87,6.04,441,27
2021-02-04,550,64,614,10647,11261,81,355,55217,2490,NA,NA,68968,1172232,424647,4,66070,2898,1130476,41756,1912,5783,3902,1881,252,103,6.14,6.46,5.48,400,19
2021-02-05,536,65,601,10454,11055,-206,446,55837,2522,NA,NA,69414,1179534,427502,8,66382,3032,1135872,43662,2855,7302,5396,1906,312,134,6.11,5.78,7.03,384,32
2021-02-06,533,63,596,10276,10872,-183,413,56408,2547,NA,NA,69827,1191476,432116,4,66691,3136,1141573,49903,4614,11942,5701,6241,309,104,3.46,5.42,1.67,384,25
2021-02-07,521,63,584,10203,10787,-85,285,56764,2561,NA,NA,70112,1196172,433968,3,66912,3200,1145376,50796,1852,4696,3803,893,221,64,6.07,5.81,7.17,368,14
2021-02-08,527,63,590,10152,10742,-45,132,56907,2595,NA,NA,70244,1198414,434761,9,67018,3226,1147226,51188,793,2242,1850,392,106,26,5.89,5.73,6.63,369,34
2021-02-09,501,66,567,9979,10546,-196,271,57364,2605,NA,NA,70515,1204993,437096,5,67202,3313,1151547,53446,2335,6579,4321,2258,184,87,4.12,4.26,3.85,371,10
2021-02-10,481,65,546,9773,10319,-227,361,57938,2619,NA,NA,70876,1214627,440088,0,67448,3428,1158058,56569,2992,9634,6511,3123,246,115,3.75,3.78,3.68,323,14
2021-02-11,457,66,523,9714,10237,-82,409,58389,2659,NA,NA,71285,1225100,442616,7,67743,3542,1166888,58212,2528,10473,8830,1643,295,114,3.91,3.34,6.94,331,40
2021-02-12,440,64,504,9681,10185,-52,290,58719,2671,NA,NA,71575,1231738,444712,1,67929,3646,1171737,60001,2096,6638,4849,1789,186,104,4.37,3.84,5.81,309,12
2021-02-13,425,60,485,9536,10021,-164,357,59229,2682,NA,NA,71932,1240999,447280,1,68195,3737,1178991,62008,2568,9261,7254,2007,266,91,3.85,3.67,4.53,301,11
2021-02-14,414,61,475,9296,9771,-250,216,59684,2693,NA,NA,72148,1246637,449167,4,68369,3779,1182831,63806,1887,5638,3840,1798,174,42,3.83,4.53,2.34,291,11
2021-02-15,412,63,475,9284,9759,-12,40,59724,2705,NA,NA,72188,1247709,449582,4,68395,3793,1183593,64116,415,1072,762,310,26,14,3.73,3.41,4.52,278,12
2021-02-16,396,60,456,9015,9471,-288,260,60262,2715,NA,NA,72448,1255791,452012,3,68570,3878,1189295,66496,2430,8082,5702,2380,175,85,3.22,3.07,3.57,276,10
2021-02-17,384,59,443,8969,9412,-59,333,60647,2722,NA,NA,72781,1265663,454819,2,68822,3959,1196858,68805,2807,9872,7563,2309,252,81,3.37,3.33,3.51,272,7
2021-02-18,361,58,419,8991,9410,-2,262,60900,2733,NA,NA,73043,1273548,457337,6,69019,4024,1202324,71224,2518,7885,5466,2419,197,65,3.32,3.6,2.69,251,11
2021-02-19,349,56,405,8956,9361,-49,310,61244,2748,NA,NA,73353,1281941,459555,3,69247,4106,1208281,73660,2218,8393,5957,2436,228,82,3.69,3.83,3.37,254,15
2021-02-20,348,60,408,8844,9252,-109,326,61671,2756,NA,NA,73679,1291733,462473,6,69463,4216,1214064,77669,2918,9792,5783,4009,216,110,3.33,3.74,2.74,250,8
2021-02-21,350,57,407,8867,9274,22,284,61925,2764,NA,NA,73963,1296872,464049,5,69682,4281,1217526,79346,1576,5139,3462,1677,219,65,5.53,6.33,3.88,259,8
2021-02-22,350,56,406,8885,9291,17,145,62042,2775,NA,NA,74108,1299729,464867,4,69796,4312,1219261,80468,818,2857,1735,1122,114,31,5.08,6.57,2.76,274,11
2021-02-23,353,57,410,8761,9171,-120,241,62386,2792,NA,NA,74349,1309050,467090,5,69948,4401,1224938,84112,2223,9321,5677,3644,152,89,2.59,2.68,2.44,272,17
2021-02-24,345,58,403,8914,9317,146,503,62733,2802,NA,NA,74852,1318662,470238,7,70265,4587,1230850,87812,3148,9612,5912,3700,317,186,5.23,5.36,5.03,296,10
2021-02-25,335,56,391,9249,9640,323,683,63078,2817,NA,NA,75535,1328704,473707,4,70714,4821,1237507,91197,3469,10042,6657,3385,449,234,6.8,6.74,6.91,356,15
2021-02-26,348,56,404,9471,9875,235,468,63305,2823,NA,NA,76003,1337295,476513,6,71008,4995,1243380,93915,2806,8591,5873,2718,294,174,5.45,5.01,6.4,379,6
2021-02-27,355,62,417,9568,9985,110,468,63652,2834,NA,NA,76471,1345374,479004,9,71335,5136,1249279,96095,2491,8079,5899,2180,327,141,5.79,5.54,6.47,399,11
2021-02-28,361,61,422,9660,10082,97,341,63889,2841,NA,NA,76812,1349711,480845,6,71577,5235,1252420,97291,1841,4337,3141,1196,242,99,7.86,7.7,8.28,407,7
2021-03-01,373,62,435,9727,10162,80,172,63978,2844,NA,NA,76984,1351758,481762,2,71722,5262,1254007,97751,917,2047,1587,460,145,27,8.4,9.14,5.87,411,3
2021-03-02,380,61,441,9765,10206,44,479,64401,2856,NA,NA,77463,1361337,484934,5,72005,5458,1260123,101214,3172,9579,6116,3463,283,196,5,4.63,5.66,445,12
2021-03-03,386,62,448,10107,10555,349,693,64735,2866,NA,NA,78156,1370182,488423,7,72492,5664,1266399,103783,3489,8845,6276,2569,487,206,7.83,7.76,8.02,472,10
2021-03-04,392,63,455,10485,10940,385,643,64983,2876,NA,NA,78799,1379290,491899,4,72885,5914,1272378,106912,3476,9108,5979,3129,393,250,7.06,6.57,7.99,466,10
2021-03-05,396,64,460,10933,11393,453,823,65341,2888,NA,NA,79622,1389420,495953,4,73460,6162,1279274,110146,4054,10130,6896,3234,575,248,8.12,8.34,7.67,517,12
2021-03-06,409,63,472,11214,11686,293,661,65698,2899,NA,NA,80283,1399685,499211,8,73942,6341,1286424,113261,3258,10265,7150,3115,482,179,6.44,6.74,5.75,545,11
2021-03-07,447,57,504,11344,11848,162,466,65991,2910,NA,NA,80749,1404463,501473,3,74218,6531,1289561,114902,2262,4778,3137,1641,276,190,9.75,8.8,11.58,562,11
2021-03-08,457,58,515,11522,12037,189,415,66198,2929,NA,NA,81164,1408009,503160,9,74537,6627,1292378,115631,1687,3546,2817,729,319,96,11.7,11.32,13.17,597,19
2021-03-09,478,60,538,11672,12210,173,598,66609,2943,NA,NA,81762,1417187,505764,6,74888,6874,1298561,118626,2604,9178,6183,2995,351,247,6.52,5.68,8.25,614,14
2021-03-10,489,64,553,12118,12671,461,866,67002,2955,NA,NA,82628,1426745,509563,9,75362,7266,1304834,121911,3799,9558,6273,3285,474,392,9.06,7.56,11.93,639,12
2021-03-11,497,61,558,12616,13174,503,991,67474,2971,NA,NA,83619,1437532,514073,4,76013,7606,1312371,125161,4510,10787,7537,3250,651,340,9.19,8.64,10.46,689,16
2021-03-12,498,65,563,13178,13741,567,971,67864,2985,NA,NA,84590,1449956,518821,7,76648,7942,1320966,128990,4748,12424,8595,3829,635,336,7.82,7.39,8.78,710,14
2021-03-13,504,65,569,13606,14175,434,953,68368,3000,NA,NA,85543,1460244,522935,11,77277,8266,1328053,132191,4114,10288,7087,3201,629,324,9.26,8.88,10.12,751,15
2021-03-14,528,67,595,13746,14341,166,604,68796,3010,NA,NA,86147,1467421,526212,8,77708,8439,1332599,134822,3277,7177,4546,2631,431,173,8.42,9.48,6.58,771,10
2021-03-15,532,70,602,13836,14438,97,398,69080,3027,NA,NA,86545,1471079,527746,6,78077,8468,1335813,135266,1534,3658,3214,444,369,29,10.88,11.48,6.53,769,17
2021-03-16,530,77,607,14167,14774,336,672,69401,3042,NA,NA,87217,1481351,530744,13,78320,8897,1340614,140737,2998,10272,4801,5471,243,429,6.54,5.06,7.84,779,15
2021-03-17,538,76,614,14388,15002,228,986,70144,3057,NA,NA,88203,1495255,535476,5,78958,9245,1350481,144774,4732,13904,9867,4037,638,348,7.09,6.47,8.62,796,15
2021-03-18,545,77,622,14904,15526,524,1058,70659,3076,NA,NA,89261,1507695,539823,9,79682,9579,1359006,148689,4347,12440,8525,3915,724,334,8.5,8.49,8.53,806,19
2021-03-19,547,77,624,15239,15863,337,910,71211,3097,NA,NA,90171,1519614,543981,7,80275,9896,1366491,153123,4158,11919,7485,4434,593,317,7.63,7.92,7.15,797,21
2021-03-20,564,80,644,15540,16184,321,906,71782,3111,NA,NA,91077,1530951,548238,6,80895,10182,1373890,157061,4257,11337,7399,3938,620,286,7.99,8.38,7.26,791,14
2021-03-21,596,81,677,15468,16145,-39,578,72384,3126,NA,NA,91655,1537913,551050,6,81284,10371,1378862,159051,2812,6962,4972,1990,389,189,8.3,7.82,9.5,787,15
2021-03-22,611,82,693,15676,16369,224,405,72547,3144,NA,NA,92060,1541489,552430,12,81598,10462,1381766,159723,1380,3576,2904,672,314,91,11.33,10.81,13.54,788,18
2021-03-23,620,83,703,15577,16280,-89,548,73162,3166,NA,NA,92608,1551667,555461,8,81909,10699,1388530,163137,3031,10178,6764,3414,311,237,5.38,4.6,6.94,770,22
2021-03-24,634,80,714,16026,16740,460,762,73444,3186,NA,NA,93370,1564663,559646,7,82437,10933,1397452,167211,4185,12996,8922,4074,528,234,5.86,5.92,5.74,738,20
2021-03-25,645,78,723,15245,15968,-772,842,75045,3199,NA,NA,94212,1573489,563322,8,82998,11214,1403101,170388,3676,8826,5649,3177,561,281,9.54,9.93,8.84,707,13
2021-03-26,650,78,728,15292,16020,52,768,75733,3227,NA,NA,94980,1583938,566752,5,83507,11473,1410324,173614,3430,10449,7223,3226,509,259,7.35,7.05,8.03,687,28
2021-03-27,645,82,727,15124,15851,-169,672,76560,3241,NA,NA,95652,1595003,570496,11,83940,11712,1418345,176658,3744,11065,8021,3044,433,239,6.07,5.4,7.85,654,14
2021-03-28,662,84,746,14880,15626,-225,446,77208,3264,NA,NA,96098,1601770,573080,7,84290,11808,1423253,178517,2584,6767,4908,1859,350,96,6.59,7.13,5.16,635,23
2021-03-29,680,86,766,14740,15506,-120,301,77618,3275,NA,NA,96399,1605290,574269,10,84547,11852,1426094,179196,1189,3520,2841,679,257,44,8.55,9.05,6.48,620,11
2021-03-30,671,80,751,14622,15373,-133,447,78183,3290,NA,NA,96846,1612590,576666,7,84753,12093,1430763,181827,2397,7300,4669,2631,206,241,6.12,4.41,9.16,605,15
2021-03-31,664,82,746,14451,15197,-176,644,78986,3307,NA,NA,97490,1623445,580139,9,85170,12320,1438414,185031,3473,10855,7651,3204,417,227,5.93,5.45,7.08,589,17
2021-04-01,652,81,733,14083,14816,-381,720,80072,3322,NA,NA,98210,1635068,583929,10,85651,12559,1446489,188579,3790,11623,8075,3548,481,239,6.19,5.96,6.74,571,15
2021-04-02,634,81,715,13589,14304,-512,513,81081,3338,NA,NA,98723,1645295,587088,5,86013,12710,1453768,191527,3159,10227,7279,2948,362,151,5.02,4.97,5.12,535,16
2021-04-03,596,78,674,13358,14032,-272,452,81785,3358,NA,NA,99175,1654219,590115,7,86300,12875,1459360,194859,3027,8924,5592,3332,287,165,5.06,5.13,4.95,503,20
2021-04-04,582,82,664,13096,13760,-272,342,82381,3376,NA,NA,99517,1660335,592298,9,86573,12944,1463376,196959,2183,6116,4016,2100,273,69,5.59,6.8,3.29,488,18
2021-04-05,592,86,678,12732,13410,-350,150,82871,3386,NA,NA,99667,1663316,593264,4,86698,12969,1465807,197509,966,2981,2431,550,125,25,5.03,5.14,4.55,467,10
2021-04-06,604,81,685,12637,13322,-88,63,83006,3402,NA,NA,99730,1665109,593752,10,86749,12981,1467082,198027,488,1793,1275,518,51,12,3.51,4,2.32,412,16
2021-04-07,584,79,663,12299,12962,-360,286,83630,3424,NA,NA,100016,1672375,595991,6,86915,13101,1471388,200987,2239,7266,4306,2960,166,120,3.94,3.86,4.05,361,22
2021-04-08,554,77,631,11609,12240,-722,457,84780,3453,NA,NA,100473,1685439,599265,5,87212,13261,1479581,205858,3274,13064,8193,4871,297,160,3.5,3.63,3.28,323,29
2021-04-09,529,77,606,11125,11731,-509,336,85596,3482,NA,NA,100809,1694663,601866,5,87440,13369,1486384,208279,2601,9224,6803,2421,228,108,3.64,3.35,4.46,298,29
2021-04-10,516,75,591,10831,11422,-309,392,86285,3494,NA,NA,101201,1703020,604171,3,87748,13453,1492889,210131,2305,8357,6505,1852,308,84,4.69,4.73,4.54,289,12
2021-04-11,519,75,594,10517,11111,-311,208,86792,3506,NA,NA,101409,1707929,605718,2,87920,13489,1496612,211317,1547,4909,3723,1186,172,36,4.24,4.62,3.04,270,12
2021-04-12,523,81,604,10383,10987,-124,82,86987,3517,NA,NA,101491,1709534,606187,15,87980,13511,1497856,211678,469,1605,1244,361,60,22,5.11,4.82,6.09,261,11
2021-04-13,493,75,568,9961,10529,-458,371,87799,3534,NA,NA,101862,1720725,609751,3,88238,13624,1504236,216489,3564,11191,6380,4811,258,113,3.32,4.04,2.35,305,17
2021-04-14,471,72,543,9783,10326,-203,226,88216,3546,NA,NA,102088,1727870,611041,6,88413,13675,1510510,217360,1290,7145,6274,871,175,51,3.16,2.79,5.86,296,12
2021-04-15,445,65,510,9735,10245,-81,267,88552,3558,NA,NA,102355,1734054,612343,5,88635,13720,1516000,218054,1302,6184,5490,694,222,45,4.32,4.04,6.48,269,12
2021-04-16,416,59,475,9410,9885,-360,392,89283,3579,NA,NA,102747,1746527,616339,3,88927,13820,1523633,222894,3996,12473,7633,4840,292,100,3.14,3.83,2.07,277,21
2021-04-17,396,57,453,9279,9732,-153,155,89582,3588,NA,NA,102902,1756269,619448,5,89053,13849,1529006,227263,3109,9742,5373,4369,126,29,1.59,2.35,0.66,243,9
2021-04-18,377,57,434,9064,9498,-234,221,90024,3601,NA,NA,103123,1764319,621977,7,89222,13901,1533153,231166,2529,8050,4147,3903,169,52,2.75,4.08,1.33,245,13
2021-04-19,371,52,423,8972,9395,-103,52,90169,3611,NA,NA,103175,1766421,622637,1,89254,13921,1534676,231745,660,2102,1523,579,32,20,2.47,2.1,3.45,241,10
2021-04-20,344,51,395,8563,8958,-437,277,90876,3618,NA,NA,103452,1774610,624846,2,89481,13971,1539743,234867,2209,8189,5067,3122,227,50,3.38,4.48,1.6,227,7
2021-04-21,339,48,387,8515,8902,-56,263,91187,3626,NA,NA,103715,1783145,626928,1,89687,14028,1545706,237439,2082,8535,5963,2572,206,57,3.08,3.45,2.22,232,8
2021-04-22,319,43,362,8394,8756,-146,210,91534,3635,NA,NA,103925,1790587,628760,0,89853,14072,1551326,239261,1832,7442,5620,1822,166,44,2.82,2.95,2.41,224,9
2021-04-23,319,40,359,8272,8631,-125,124,91773,3645,NA,NA,104049,1796384,629782,3,89962,14087,1556524,239860,1022,5797,5198,599,109,15,2.14,2.1,2.5,186,10
2021-04-24,291,37,328,8123,8451,-180,204,92149,3653,NA,NA,104253,1804782,631716,6,90115,14138,1562831,241951,1934,8398,6307,2091,153,51,2.43,2.43,2.44,193,8
2021-04-25,282,37,319,7982,8301,-150,184,92472,3664,NA,NA,104437,1811417,633775,2,90249,14188,1566431,244986,2059,6635,3600,3035,134,50,2.77,3.72,1.65,188,11
2021-04-26,286,37,323,7942,8265,-36,100,92601,3671,NA,NA,104537,1814450,634874,2,90332,14205,1568283,246167,1099,3033,1852,1181,83,17,3.3,4.48,1.44,195,7
2021-04-27,267,32,299,7745,8044,-221,186,92998,3681,NA,NA,104723,1821797,636890,2,90453,14270,1572804,248993,2016,7347,4521,2826,121,65,2.53,2.68,2.3,182,10
2021-04-28,264,32,296,7832,8128,84,112,93020,3687,NA,NA,104835,1826687,636890,1,90555,14280,1577107,249580,0,4890,4303,587,102,10,2.29,2.37,1.7,160,6
2021-04-29,250,30,280,7347,7627,-501,213,93724,3697,NA,NA,105048,1838508,641059,3,90713,14335,1584647,253861,4169,11821,7540,4281,158,55,1.8,2.1,1.28,160,10
2021-04-30,239,30,269,7309,7578,-49,108,93878,3700,NA,NA,105156,1844082,642020,3,90802,14354,1589610,254472,961,5574,4963,611,89,19,1.94,1.79,3.11,158,3
2021-05-01,216,30,246,7118,7364,-214,223,94304,3711,NA,NA,105379,1856474,645474,5,90971,14408,1596407,260067,3454,12392,6797,5595,169,54,1.8,2.49,0.97,161,11
2021-05-02,217,34,251,7022,7273,-91,24,94416,3714,NA,NA,105403,1859453,646277,4,90994,14409,1598687,260766,803,2979,2280,699,23,1,0.81,1.01,0.14,138,3
2021-05-03,211,32,243,7044,7287,14,51,94450,3717,NA,NA,105454,1861691,646926,1,91040,14414,1600471,261220,649,2238,1784,454,46,5,2.28,2.58,1.1,131,3
2021-05-04,210,33,243,6811,7054,-233,133,94813,3720,NA,NA,105587,1867477,648576,2,91135,14452,1603901,263576,1650,5786,3430,2356,95,38,2.3,2.77,1.61,123,3
2021-05-05,193,33,226,6640,6866,-188,174,95172,3723,NA,NA,105761,1878045,651239,3,91281,14480,1612225,265820,2663,10568,8324,2244,146,28,1.65,1.75,1.25,132,3
2021-05-06,183,31,214,6518,6732,-134,80,95383,3726,NA,NA,105841,1883934,652782,2,91349,14492,1616285,267649,1543,5889,4060,1829,68,12,1.36,1.67,0.66,113,3
2021-05-07,175,28,203,6404,6607,-125,86,95588,3732,NA,NA,105927,1891412,654810,1,91413,14514,1621340,270072,2028,7478,5055,2423,64,22,1.15,1.27,0.91,110,6
2021-05-08,157,21,178,6309,6487,-120,90,95790,3740,NA,NA,106017,1899175,656811,0,91481,14536,1626256,272919,2001,7763,4916,2847,68,22,1.16,1.38,0.77,91,8
2021-05-09,152,21,173,6218,6391,-96,68,95953,3741,NA,NA,106085,1903568,658305,1,91540,14545,1629053,274515,1494,4393,2797,1596,59,9,1.55,2.11,0.56,97,1
2021-05-10,147,22,169,6216,6385,-6,38,95994,3744,NA,NA,106123,1905377,658859,3,91569,14554,1630488,274889,554,1809,1435,374,29,9,2.1,2.02,2.41,96,3
2021-05-11,136,20,156,6082,6238,-147,70,96209,3746,NA,NA,106193,1911323,660427,0,91619,14574,1633987,277336,1568,5946,3499,2447,50,20,1.18,1.43,0.82,87,2
2021-05-12,120,18,138,5948,6086,-152,75,96430,3752,NA,NA,106268,1919417,662247,0,91684,14584,1640049,279368,1820,8094,6062,2032,65,10,0.93,1.07,0.49,72,6
2021-05-13,98,18,116,5854,5970,-116,100,96638,3760,NA,NA,106368,1928216,664224,2,91768,14600,1647017,281199,1977,8799,6968,1831,84,16,1.14,1.21,0.87,75,8
2021-05-14,89,17,106,5777,5883,-87,36,96756,3765,NA,NA,106404,1934374,665505,0,91800,14604,1651033,283341,1281,6158,4016,2142,32,4,0.58,0.8,0.19,68,5
2021-05-15,74,16,90,5691,5781,-102,68,96923,3768,NA,NA,106472,1942574,667568,1,91862,14610,1656228,286346,2063,8200,5195,3005,62,6,0.83,1.19,0.2,65,3
2021-05-16,72,16,88,5636,5724,-57,33,97013,3768,NA,NA,106505,1946009,668712,2,91891,14614,1658478,287531,1144,3435,2250,1185,29,4,0.96,1.29,0.34,60,0
2021-05-17,72,15,87,5621,5708,-16,16,97045,3768,NA,NA,106521,1947586,669220,0,91906,14615,1659694,287892,508,1577,1216,361,15,1,1.01,1.23,0.28,57,0
2021-05-18,65,15,80,5494,5574,-134,42,97219,3770,NA,NA,106563,1954857,670566,1,91942,14621,1663542,291315,1346,7271,3848,3423,36,6,0.58,0.94,0.18,53,2
2021-05-19,64,13,77,5365,5442,-132,56,97404,3773,NA,NA,106619,1963889,672410,1,91987,14632,1670433,293456,1844,9032,6891,2141,45,11,0.62,0.65,0.51,50,3
2021-05-20,60,11,71,5329,5400,-42,41,97485,3775,NA,NA,106660,1969152,673667,0,92023,14637,1673976,295176,1257,5263,3543,1720,36,5,0.78,1.02,0.29,42,2
2021-05-21,55,12,67,5260,5327,-73,38,97594,3777,NA,NA,106698,1975937,674907,1,92053,14645,1678888,297049,1240,6785,4912,1873,30,8,0.56,0.61,0.43,42,2
2021-05-22,50,10,60,5228,5288,-39,39,97672,3777,NA,NA,106737,1982137,676545,0,92087,14650,1682796,299341,1638,6200,3908,2292,34,5,0.63,0.87,0.22,38,0
2021-05-23,57,9,66,5176,5242,-46,31,97748,3778,NA,NA,106768,1986180,677947,2,92114,14654,1685531,300649,1402,4043,2735,1308,27,4,0.77,0.99,0.31,38,1
2021-05-24,58,9,67,5166,5233,-9,2,97759,3778,NA,NA,106770,1987593,678374,0,92116,14654,1686595,300998,427,1413,1064,349,2,0,0.14,0.19,0,36,0
2021-05-25,56,9,65,5072,5137,-96,34,97887,3780,NA,NA,106804,1994052,679768,0,92145,14659,1690835,303217,1394,6459,4240,2219,29,5,0.53,0.68,0.23,34,2
2021-05-26,46,10,56,5007,5063,-74,30,97989,3782,NA,NA,106834,2001356,681223,1,92167,14667,1695933,305423,1455,7304,5098,2206,22,8,0.41,0.43,0.36,31,2
2021-05-27,41,8,49,4965,5014,-49,33,98069,3784,NA,NA,106867,2006923,682498,0,92191,14676,1699763,307160,1275,5567,3830,1737,24,9,0.59,0.63,0.52,30,2
2021-05-28,41,6,47,4905,4952,-62,21,98151,3785,NA,NA,106888,2013576,683922,0,92205,14683,1704148,309428,1424,6653,4385,2268,14,7,0.32,0.32,0.31,27,1
2021-05-29,38,5,43,4890,4933,-19,76,98244,3787,NA,NA,106964,2021244,685906,0,92270,14694,1709389,311855,1984,7668,5241,2427,65,11,0.99,1.24,0.45,32,2
2021-05-30,36,5,41,4875,4916,-17,34,98295,3787,NA,NA,106998,2024787,687127,0,92301,14697,1711564,313223,1221,3543,2175,1368,31,3,0.96,1.43,0.22,33,0
2021-05-31,38,5,43,4869,4912,-4,8,98307,3787,NA,NA,107006,2026264,687595,0,92305,14701,1712541,313723,468,1477,977,500,4,4,0.54,0.41,0.8,34,0
2021-06-01,36,5,41,4801,4842,-70,19,98395,3788,NA,NA,107025,2032361,688944,0,92321,14704,1716494,315867,1349,6097,3953,2144,16,3,0.31,0.4,0.14,32,1
2021-06-02,36,2,38,4729,4767,-75,35,98505,3788,NA,NA,107060,2038622,690488,0,92350,14710,1720760,317862,1544,6261,4266,1995,29,6,0.56,0.68,0.3,32,0
2021-06-03,38,1,39,4721,4760,-7,6,98516,3790,NA,NA,107066,2040349,690985,1,92351,14715,1721946,318403,497,1727,1186,541,1,5,0.35,0.08,0.92,28,2
2021-06-04,34,1,35,4706,4741,-19,28,98562,3791,NA,NA,107094,2045987,692522,2,92370,14724,1725936,320051,1537,5638,3990,1648,19,9,0.5,0.48,0.55,29,1
2021-06-05,30,1,31,4717,4748,7,70,98624,3792,NA,NA,107164,2053474,694688,0,92433,14731,1730593,322881,2166,7487,4657,2830,63,7,0.93,1.35,0.25,29,1
2021-06-06,28,1,29,4696,4725,-23,13,98660,3792,NA,NA,107177,2056809,695781,0,92446,14731,1732871,323938,1093,3335,2278,1057,13,0,0.39,0.57,0,26,0
2021-06-07,28,2,30,4686,4716,-9,10,98679,3792,NA,NA,107187,2058179,696239,1,92452,14735,1733779,324400,458,1370,908,462,6,4,0.73,0.66,0.87,26,0
2021-06-08,29,3,32,4665,4697,-19,45,98742,3793,NA,NA,107232,2063809,697448,1,92480,14752,1737206,326603,1209,5630,3427,2203,28,17,0.8,0.82,0.77,30,1
2021-06-09,23,3,26,4645,4671,-26,25,98793,3793,NA,NA,107257,2069946,698795,0,92505,14752,1741766,328180,1347,6137,4560,1577,25,0,0.41,0.55,0,28,0
2021-06-10,21,3,24,4633,4657,-14,42,98848,3794,NA,NA,107299,2075529,699849,0,92537,14762,1745644,329885,1054,5583,3878,1705,32,10,0.75,0.83,0.59,33,1
2021-06-11,17,3,20,4621,4641,-16,23,98887,3794,NA,NA,107322,2080998,700979,1,92556,14766,1749379,331619,1130,5469,3735,1734,19,4,0.42,0.51,0.23,33,0
2021-06-12,12,3,15,4593,4608,-33,36,98956,3794,NA,NA,107358,2088101,702355,0,92590,14768,1753262,334839,1376,7103,3883,3220,34,2,0.51,0.88,0.06,28,0
2021-06-13,8,4,12,4577,4589,-19,11,98986,3794,NA,NA,107369,2091185,703255,1,92598,14771,1754940,336245,900,3084,1678,1406,8,3,0.36,0.48,0.21,27,0
2021-06-14,9,4,13,4569,4582,-7,4,98997,3794,NA,NA,107373,2092714,703636,0,92601,14772,1756087,336627,381,1529,1147,382,3,1,0.26,0.26,0.26,27,0
2021-06-15,10,3,13,4534,4547,-35,12,99043,3795,NA,NA,107385,2098242,704730,0,92611,14774,1759802,338440,1094,5528,3715,1813,10,2,0.22,0.27,0.11,22,1
2021-06-16,8,2,10,4530,4540,-7,23,99073,3795,NA,NA,107408,2104300,705558,0,92632,14776,1764442,339858,828,6058,4640,1418,21,2,0.38,0.45,0.14,22,0
2021-06-17,7,1,8,4526,4534,-6,23,99100,3797,NA,NA,107431,2109803,706694,0,92653,14778,1768063,341740,1136,5503,3621,1882,21,2,0.42,0.58,0.11,19,2
2021-06-18,4,1,5,4509,4514,-20,23,99142,3798,NA,NA,107454,2114842,707749,0,92672,14782,1771591,343251,1055,5039,3528,1511,19,4,0.46,0.54,0.26,19,1
2021-06-19,4,1,5,4473,4478,-36,15,99192,3799,NA,NA,107469,2121754,709382,0,92685,14784,1775652,346102,1633,6912,4061,2851,13,2,0.22,0.32,0.07,16,1
2021-06-20,6,1,7,4472,4479,1,7,99198,3799,NA,NA,107476,2125342,710533,0,92692,14784,1777637,347705,1151,3588,1985,1603,7,0,0.2,0.35,0,15,0
2021-06-21,9,1,10,4471,4481,2,2,99198,3799,NA,NA,107478,2126484,710822,0,92694,14784,1778444,348040,289,1142,807,335,2,0,0.18,0.25,0,15,0
2021-06-22,9,0,9,4370,4379,-102,15,99315,3799,NA,NA,107493,2131439,711840,0,92702,14791,1781898,349541,1018,4955,3454,1501,8,7,0.3,0.23,0.47,15,0
2021-06-23,9,0,9,4345,4354,-25,9,99348,3785,NA,NA,107502,2136884,712836,0,92711,14791,1785944,350940,996,5445,4046,1399,9,0,0.17,0.22,0,13,-14
2021-06-24,10,0,10,227,237,-4117,25,102843,3787,NA,NA,106867,2132449,676428,0,92395,14472,1779981,352468,-36408,-4435,-5963,1528,-316,-319,-0.56,5.3,-20.88,14,2
2021-06-25,13,0,13,222,235,-2,20,102864,3787,NA,NA,106886,2137984,677461,0,92414,14472,1784245,353739,1033,5535,4264,1271,19,0,0.36,0.45,0,13,0
2021-06-26,14,0,14,209,223,-12,19,102895,3787,NA,NA,106905,2143959,678890,0,92429,14476,1787733,356226,1429,5975,3488,2487,15,4,0.32,0.43,0.16,14,0
2021-06-27,14,0,14,203,217,-6,8,102907,3787,NA,NA,106911,2147073,679861,0,92436,14475,1789558,357515,971,3114,1825,1289,7,-1,0.26,0.38,-0.08,14,0
2021-06-28,14,0,14,201,215,-2,3,102911,3788,NA,NA,106914,2148527,680224,0,92439,14475,1790744,357783,363,1454,1186,268,3,0,0.21,0.25,0,14,1
2021-06-29,10,0,10,192,202,-13,16,102939,3789,NA,NA,106930,2153227,681155,0,92450,14480,1794047,359180,931,4700,3303,1397,11,5,0.34,0.33,0.36,14,1
2021-06-30,8,0,8,184,192,-10,12,102961,3789,NA,NA,106942,2158371,682075,0,92462,14480,1798087,360284,920,5144,4040,1104,12,0,0.23,0.3,0,15,0
2021-07-01,8,0,8,184,192,0,15,102976,3789,NA,NA,106957,2163140,682803,0,92476,14481,1801890,361250,728,4769,3803,966,14,1,0.31,0.37,0.1,13,0
2021-07-02,6,0,6,183,189,-3,21,103000,3789,NA,NA,106978,2167864,683528,0,92493,14485,1805395,362469,725,4724,3505,1219,17,4,0.44,0.49,0.33,13,0
2021-07-03,8,0,8,181,189,0,10,103009,3789,NA,NA,106987,2171553,684225,0,92503,14484,1808113,363440,697,3689,2718,971,10,-1,0.27,0.37,-0.1,12,0
2021-07-04,6,0,6,180,186,-3,9,103021,3789,NA,NA,106996,2173532,684717,0,92512,14484,1809586,363946,492,1979,1473,506,9,0,0.45,0.61,0,12,0
2021-07-05,6,0,6,179,185,-1,2,103024,3789,NA,NA,106998,2174755,685064,0,92514,14484,1810441,364314,347,1223,855,368,2,0,0.16,0.23,0,12,0
2021-07-06,7,1,8,185,193,8,13,103029,3789,NA,NA,107011,2179063,685864,1,92525,14486,1813627,365436,800,4308,3186,1122,11,2,0.3,0.35,0.18,12,0
2021-07-07,6,1,7,190,197,4,22,103047,3789,NA,NA,107033,2184292,686760,0,92542,14491,1817563,366729,896,5229,3936,1293,17,5,0.42,0.43,0.39,13,0
2021-07-08,5,1,6,197,203,6,19,103059,3789,NA,NA,107051,2188304,687431,0,92560,14491,1820822,367482,671,4012,3259,753,18,0,0.47,0.55,0,14,0
2021-07-09,6,1,7,199,206,3,17,103071,3789,NA,NA,107066,2199045,691098,0,92575,14491,1824242,374803,3667,10741,3420,7321,15,0,0.16,0.44,0,13,0
2021-07-10,4,1,5,212,217,11,28,103084,3789,NA,NA,107090,2205280,692626,0,92601,14489,1828162,377118,1528,6235,3920,2315,26,-2,0.45,0.66,-0.09,16,0
2021-07-11,4,1,5,208,213,-4,6,103094,3789,NA,NA,107096,2208106,693538,0,92606,14490,1829567,378539,912,2826,1405,1421,5,1,0.21,0.36,0.07,15,0
2021-07-12,3,1,4,221,225,12,17,103098,3789,NA,NA,107112,2209278,693830,0,92622,14490,1830390,378888,292,1172,823,349,16,0,1.45,1.94,0,17,0
2021-07-13,4,1,5,224,229,4,15,103107,3789,NA,NA,107125,2214662,695039,0,92634,14491,1833732,380930,1209,5384,3342,2042,12,1,0.28,0.36,0.05,18,0
2021-07-14,5,1,6,224,230,1,42,103148,3789,NA,NA,107167,2220387,696319,0,92672,14495,1837607,382780,1280,5725,3875,1850,38,4,0.73,0.98,0.22,21,0
2021-07-15,5,1,6,225,231,1,21,103168,3789,NA,NA,107188,2226593,697551,0,92690,14498,1842016,384577,1232,6206,4409,1797,18,3,0.34,0.41,0.17,21,0
2021-07-16,6,1,7,226,233,2,26,103192,3789,NA,NA,107214,2232644,698715,0,92711,14503,1846265,386379,1164,6051,4249,1802,21,5,0.43,0.49,0.28,22,0
2021-07-17,8,0,8,237,245,12,30,103208,3789,NA,NA,107242,2239567,700442,0,92735,14507,1849872,389695,1727,6923,3607,3316,24,4,0.43,0.67,0.12,22,0
2021-07-18,9,0,9,239,248,3,16,103220,3789,NA,NA,107257,2242731,701351,0,92745,14512,1851506,391225,909,3164,1634,1530,10,5,0.51,0.61,0.33,24,0
2021-07-19,9,0,9,240,249,1,6,103225,3789,NA,NA,107263,2244254,701734,0,92751,14512,1852762,391492,383,1523,1256,267,6,0,0.39,0.48,0,22,0
2021-07-20,9,0,9,240,249,0,0,103225,3789,NA,NA,107263,2244254,701734,0,92751,14512,1852762,391492,0,0,0,0,0,0,NA,NA,NA,20,0
2021-07-21,8,0,8,285,293,44,92,103273,3789,NA,NA,107355,2256541,704049,0,92830,14525,1860836,395705,2315,12287,8074,4213,79,13,0.75,0.98,0.31,27,0
2021-07-22,8,0,8,316,324,31,56,103298,3789,NA,NA,107411,2261474,705046,0,92871,14540,1864085,397389,997,4933,3249,1684,41,15,1.14,1.26,0.89,32,0
2021-07-23,9,0,9,355,364,40,56,103314,3789,NA,NA,107467,2267156,706200,0,92914,14553,1868298,398858,1154,5682,4213,1469,43,13,0.99,1.02,0.88,37,0
2021-07-24,7,2,9,396,405,41,68,103339,3789,NA,NA,107533,2273538,707916,2,92969,14564,1871641,401897,1716,6382,3343,3039,55,11,1.07,1.65,0.36,42,0
2021-07-25,9,2,11,417,428,23,41,103356,3789,NA,NA,107573,2277450,709319,0,93000,14573,1873826,403624,1403,3912,2185,1727,31,9,1.05,1.42,0.52,46,0
2021-07-26,8,2,10,430,440,12,20,103363,3789,NA,NA,107592,2279027,709731,0,93018,14574,1875011,404016,412,1577,1185,392,18,1,1.27,1.52,0.26,48,0
2021-07-27,10,2,12,492,504,64,89,103387,3789,NA,NA,107680,2285569,710952,0,93089,14591,1879143,406426,1221,6542,4132,2410,71,17,1.36,1.72,0.71,60,0
2021-07-28,10,1,11,521,532,28,75,103433,3790,NA,NA,107755,2291751,712071,0,93157,14598,1883136,408615,1119,6182,3993,2189,68,7,1.21,1.7,0.32,58,1
2021-07-29,10,2,12,578,590,58,96,103470,3790,NA,NA,107850,2297432,713203,1,93238,14612,1887031,410401,1132,5681,3895,1786,81,14,1.69,2.08,0.78,64,0
2021-07-30,15,2,17,642,659,69,98,103498,3790,NA,NA,107947,2304447,714462,0,93320,14627,1891118,413329,1259,7015,4087,2928,82,15,1.4,2.01,0.51,70,0
2021-07-31,14,3,17,677,694,35,88,103551,3790,NA,NA,108035,2310819,716212,1,93390,14645,1894715,416104,1750,6372,3597,2775,70,18,1.38,1.95,0.65,72,0
2021-08-01,16,3,19,684,703,9,50,103591,3790,NA,NA,108084,2314333,717365,0,93430,14654,1896484,417849,1153,3514,1769,1745,40,9,1.42,2.26,0.52,74,0
2021-08-02,19,3,22,690,712,9,22,103604,3790,NA,NA,108106,2315898,717729,0,93445,14661,1897696,418202,364,1565,1212,353,15,7,1.41,1.24,1.98,74,0
2021-08-03,22,4,26,734,760,48,94,103650,3790,NA,NA,108200,2321400,718800,1,93525,14675,1901894,419506,1071,5502,4198,1304,80,14,1.71,1.91,1.07,75,0
2021-08-04,21,4,25,777,802,42,133,103740,3790,NA,NA,108332,2326988,719958,0,93643,14689,1906217,420771,1158,5588,4323,1265,118,14,2.38,2.73,1.11,83,0
2021-08-05,19,4,23,808,831,29,111,103821,3790,NA,NA,108442,2332684,721111,0,93739,14703,1910506,422178,1153,5696,4289,1407,96,14,1.95,2.24,1,85,0
2021-08-06,21,2,23,843,866,35,104,103889,3791,NA,NA,108546,2338629,722376,1,93827,14719,1915427,423202,1265,5945,4921,1024,88,16,1.75,1.79,1.56,86,1
2021-08-07,20,2,22,878,900,34,111,103966,3791,NA,NA,108657,2346220,724385,0,93923,14734,1921734,424486,2009,7591,6307,1284,96,15,1.46,1.52,1.17,89,0
2021-08-08,23,2,25,853,878,-22,48,104036,3791,NA,NA,108705,2351079,726079,0,93968,14737,1925861,425218,1694,4859,4127,732,45,3,0.99,1.09,0.41,89,0
2021-08-09,26,1,27,813,840,-38,10,104084,3791,NA,NA,108715,2352508,726451,0,93975,14740,1926948,425560,372,1429,1087,342,7,3,0.7,0.64,0.88,87,0
2021-08-10,27,3,30,834,864,24,75,104135,3791,NA,NA,108790,2358069,727324,3,94030,14760,1931328,426741,873,5561,4380,1181,55,20,1.35,1.26,1.69,85,0
2021-08-11,27,4,31,850,881,17,155,104272,3791,NA,NA,108944,2364449,728743,1,94172,14772,1936665,427784,1419,6380,5337,1043,142,12,2.43,2.66,1.15,88,0
2021-08-12,27,5,32,862,894,13,101,104360,3791,NA,NA,109045,2370865,730170,3,94259,14786,1942038,428827,1427,6416,5373,1043,87,14,1.57,1.62,1.34,86,0
2021-08-13,24,5,29,878,907,13,109,104454,3792,NA,NA,109153,2376817,731323,0,94352,14801,1947001,429816,1153,5952,4963,989,93,15,1.83,1.87,1.52,87,1
2021-08-14,29,4,33,881,914,7,99,104545,3792,NA,NA,109251,2385302,733406,0,94443,14808,1951504,433798,2083,8485,4503,3982,91,7,1.17,2.02,0.18,85,0
2021-08-15,30,5,35,866,901,-13,61,104619,3792,NA,NA,109312,2389704,734895,1,94499,14813,1953255,436449,1489,4402,1751,2651,56,5,1.39,3.2,0.19,87,0
2021-08-16,30,7,37,855,892,-9,16,104644,3792,NA,NA,109328,2390850,735191,2,94505,14823,1953995,436855,296,1146,740,406,6,10,1.4,0.81,2.46,88,0
2021-08-17,26,7,33,899,932,40,79,104678,3795,NA,NA,109405,2397652,736569,1,94566,14839,1957977,439675,1378,6802,3982,2820,61,16,1.16,1.53,0.57,89,3
2021-08-18,30,9,39,888,927,-5,128,104811,3795,NA,NA,109533,2404890,738059,2,94686,14847,1962732,442158,1490,7238,4755,2483,120,8,1.77,2.52,0.32,85,0
2021-08-19,26,10,36,861,897,-30,68,104906,3795,NA,NA,109598,2410074,739249,1,94743,14855,1965938,444136,1190,5184,3206,1978,57,8,1.31,1.78,0.4,80,0
2021-08-20,28,9,37,904,941,44,113,104974,3795,NA,NA,109710,2416687,740533,0,94845,14865,1970423,446264,1284,6613,4485,2128,102,10,1.71,2.27,0.47,81,0
2021-08-21,30,9,39,899,938,-3,103,105077,3796,NA,NA,109811,2423961,742535,1,94936,14875,1973999,449962,2002,7274,3576,3698,91,10,1.42,2.54,0.27,81,1
2021-08-22,32,9,41,899,940,2,78,105152,3796,NA,NA,109888,2428502,744038,1,95006,14882,1975603,452899,1503,4541,1604,2937,70,7,1.72,4.36,0.24,84,0
2021-08-23,34,11,45,866,911,-29,25,105206,3796,NA,NA,109913,2429978,744368,3,95027,14886,1976685,453293,330,1476,1082,394,21,4,1.69,1.94,1.02,85,0
2021-08-24,31,11,42,901,943,32,99,105273,3796,NA,NA,110012,2437829,746033,0,95106,14906,1981156,456673,1665,7851,4471,3380,79,20,1.26,1.77,0.59,88,0
2021-08-25,28,11,39,1037,1076,133,222,105358,3797,NA,NA,110231,2445861,747750,1,95311,14920,1986078,459783,1717,8032,4922,3110,205,14,2.76,4.16,0.45,101,1
2021-08-26,30,10,40,1013,1053,-23,36,105416,3797,NA,NA,110266,2449465,748737,0,95337,14929,1987166,462299,987,3604,1088,2516,26,9,1,2.39,0.36,97,0
2021-08-27,40,11,51,1108,1159,106,204,105512,3798,NA,NA,110469,2458942,750457,2,95527,14942,1993619,465323,1720,9477,6453,3024,190,13,2.15,2.94,0.43,110,1
2021-08-28,40,11,51,1112,1163,4,114,105619,3799,NA,NA,110581,2467443,752737,1,95623,14958,1997375,470068,2280,8501,3756,4745,96,16,1.34,2.56,0.34,111,1
2021-08-29,46,11,57,1111,1168,5,80,105694,3799,NA,NA,110661,2472781,754244,1,95692,14969,1999416,473365,1507,5338,2041,3297,69,11,1.5,3.38,0.33,111,0
2021-08-30,49,13,62,1099,1161,-7,38,105737,3801,NA,NA,110699,2474268,754537,2,95725,14974,2000583,473685,293,1487,1167,320,33,5,2.56,2.83,1.56,113,2
2021-08-31,49,13,62,1146,1208,47,112,105799,3801,NA,NA,110808,2481874,756238,2,95808,15000,2004339,477535,1701,7606,3756,3850,83,26,1.47,2.21,0.68,115,0
2021-09-01,53,12,65,1124,1189,-19,141,105952,3803,NA,NA,110944,2491806,758234,3,95931,15013,2009995,481811,1996,9932,5656,4276,123,13,1.42,2.17,0.3,104,2
2021-09-02,53,12,65,1217,1282,93,186,106044,3804,NA,NA,111130,2499426,760074,3,96093,15037,2014014,485412,1840,7620,4019,3601,162,24,2.44,4.03,0.67,125,1
2021-09-03,53,13,66,1259,1325,43,138,106138,3804,NA,NA,111267,2507215,761669,3,96211,15056,2018100,489115,1595,7789,4086,3703,118,19,1.77,2.89,0.51,116,0
2021-09-04,48,15,63,1320,1383,58,162,106241,3804,NA,NA,111428,2516759,764346,2,96355,15073,2021982,494777,2677,9544,3882,5662,144,17,1.7,3.71,0.3,122,0
2021-09-05,43,15,58,1315,1373,-10,95,106345,3805,NA,NA,111523,2523676,766243,1,96444,15079,2024070,499606,1897,6917,2088,4829,89,6,1.37,4.26,0.12,125,1
2021-09-06,48,15,63,1275,1338,-35,35,106415,3805,NA,NA,111558,2525516,766675,0,96476,15082,2025214,500302,432,1840,1144,696,32,3,1.9,2.8,0.43,124,0
2021-09-07,49,13,62,1308,1370,32,77,106458,3807,NA,NA,111635,2534271,768360,0,96538,15097,2028711,505560,1685,8755,3497,5258,62,15,0.88,1.77,0.29,119,2
2021-09-08,51,12,63,1388,1451,81,240,106615,3808,NA,NA,111874,2543780,769882,2,96754,15120,2034239,509541,1522,9509,5528,3981,216,23,2.52,3.91,0.58,133,1
2021-09-09,47,12,59,1407,1466,15,118,106718,3808,NA,NA,111992,2551257,771260,1,96867,15125,2037509,513748,1378,7477,3270,4207,113,5,1.58,3.46,0.12,124,0
2021-09-10,47,12,59,1466,1525,59,164,106823,3808,NA,NA,112156,2559858,772871,0,97018,15138,2042169,517689,1611,8601,4660,3941,151,13,1.91,3.24,0.33,127,0
2021-09-11,44,11,55,1437,1492,-33,128,106982,3809,NA,NA,112283,2570160,775230,0,97136,15147,2046383,523777,2359,10302,4214,6088,118,9,1.24,2.8,0.15,122,1
2021-09-12,44,10,54,1390,1444,-48,61,107091,3809,NA,NA,112344,2576936,776851,0,97196,15148,2048401,528535,1621,6776,2018,4758,60,1,0.9,2.97,0.02,118,0
2021-09-13,44,11,55,1353,1408,-36,37,107164,3809,NA,NA,112381,2579066,777258,1,97231,15150,2049631,529435,407,2130,1230,900,35,2,1.74,2.85,0.22,118,0
2021-09-14,45,9,54,1368,1422,14,91,107241,3809,NA,NA,112472,2589391,778899,0,97300,15172,2053991,535400,1641,10325,4360,5965,69,22,0.88,1.58,0.37,120,0
2021-09-15,47,9,56,1347,1403,-19,135,107393,3811,NA,NA,112607,2598259,780376,1,97423,15184,2059208,539051,1477,8868,5217,3651,123,12,1.52,2.36,0.33,105,2
2021-09-16,48,9,57,1342,1399,-4,111,107506,3812,NA,NA,112717,2608805,781876,1,97525,15192,2064047,544758,1500,10546,4839,5707,102,8,1.05,2.11,0.14,104,1
2021-09-17,47,9,56,1317,1373,-26,102,107631,3813,NA,NA,112817,2618178,783227,1,97617,15200,2068772,549406,1351,9373,4725,4648,92,8,1.09,1.95,0.17,95,1
2021-09-18,41,10,51,1300,1351,-22,97,107749,3814,NA,NA,112914,2628950,785543,3,97696,15218,2072623,556327,2316,10772,3851,6921,79,18,0.9,2.05,0.26,91,1
2021-09-19,45,11,56,1267,1323,-28,84,107859,3814,NA,NA,112996,2636442,787225,1,97770,15226,2075023,561419,1682,7492,2400,5092,74,8,1.12,3.08,0.16,94,0
2021-09-20,48,11,59,1258,1317,-6,32,107895,3815,NA,NA,113027,2638632,787656,2,97798,15229,2076278,562354,431,2190,1255,935,28,3,1.46,2.23,0.32,93,1
2021-09-21,50,12,62,1189,1251,-66,36,107997,3815,NA,NA,113063,2649524,789155,1,97826,15237,2079530,569994,1499,10892,3252,7640,28,8,0.33,0.86,0.1,85,0
2021-09-22,48,11,59,1140,1199,-52,159,108205,3817,NA,NA,113221,2660339,790646,0,97973,15248,2085891,574448,1491,10815,6361,4454,147,11,1.47,2.31,0.25,89,2
2021-09-23,46,11,57,1117,1174,-25,68,108295,3817,NA,NA,113286,2669688,791925,0,98028,15258,2089601,580087,1279,9349,3710,5639,55,10,0.73,1.48,0.18,83,0
2021-09-24,46,10,56,1103,1159,-15,84,108393,3817,NA,NA,113369,2678328,793290,1,98104,15265,2093632,584696,1365,8640,4031,4609,76,7,0.97,1.89,0.15,80,0
2021-09-25,45,9,54,1075,1129,-30,69,108491,3817,NA,NA,113437,2690617,795600,0,98167,15270,2097732,592885,2310,12289,4100,8189,63,5,0.56,1.54,0.06,76,0
2021-09-26,40,9,49,1046,1095,-34,56,108581,3817,NA,NA,113493,2699335,797296,0,98221,15272,2100573,598762,1696,8718,2841,5877,54,2,0.64,1.9,0.03,72,0
2021-09-27,41,8,49,1006,1055,-40,16,108637,3817,NA,NA,113509,2701436,797683,0,98234,15275,2101793,599643,387,2101,1220,881,13,3,0.76,1.07,0.34,70,0
2021-09-28,41,7,48,981,1029,-26,51,108711,3818,NA,NA,113558,2712254,799175,0,98272,15286,2105824,606430,1492,10818,4031,6787,38,11,0.47,0.94,0.16,72,1
2021-09-29,45,6,51,925,976,-53,100,108862,3819,NA,NA,113657,2722065,800538,0,98363,15294,2111128,610937,1363,9811,5304,4507,91,8,1.02,1.72,0.18,63,1
2021-09-30,42,7,49,948,997,21,110,108946,3821,NA,NA,113764,2732700,801951,2,98468,15296,2115768,616932,1413,10635,4640,5995,105,2,1.03,2.26,0.03,69,2
2021-10-01,39,7,46,946,992,-5,83,109030,3823,NA,NA,113845,2742197,803239,0,98545,15300,2120759,621438,1288,9497,4991,4506,77,4,0.87,1.54,0.09,69,2
2021-10-02,40,7,47,942,989,-3,82,109114,3823,NA,NA,113926,2753677,805879,0,98619,15307,2125394,628283,2640,11480,4635,6845,74,7,0.71,1.6,0.1,71,0
2021-10-03,37,9,46,922,968,-21,47,109181,3824,NA,NA,113973,2763657,807774,2,98657,15316,2127567,636090,1895,9980,2173,7807,38,9,0.47,1.75,0.12,70,1
2021-10-04,37,10,47,888,935,-33,19,109233,3824,NA,NA,113992,2766122,808193,1,98672,15320,2129090,637032,419,2465,1523,942,15,4,0.77,0.98,0.42,70,0
2021-10-05,37,9,46,853,899,-36,46,109314,3825,NA,NA,114038,2779338,810956,1,98708,15330,2135178,644160,2763,13216,6088,7128,36,10,0.35,0.59,0.14,70,1
2021-10-06,38,8,46,859,905,6,111,109418,3825,NA,NA,114148,2790255,812497,2,98810,15338,2140668,649587,1541,10917,5490,5427,102,8,1.02,1.86,0.15,71,0
2021-10-07,34,8,42,870,912,7,72,109481,3825,NA,NA,114218,2800556,813907,1,98876,15342,2145514,655042,1410,10301,4846,5455,66,4,0.7,1.36,0.07,66,0
2021-10-08,37,7,44,860,904,-8,68,109554,3825,NA,NA,114283,2809470,815111,0,98935,15348,2150076,659394,1204,8914,4562,4352,59,6,0.76,1.29,0.14,64,0
2021-10-09,42,8,50,825,875,-29,56,109638,3825,NA,NA,114338,2821390,816909,1,98985,15353,2154694,666696,1798,11920,4618,7302,50,5,0.47,1.08,0.07,60,0
2021-10-10,43,9,52,787,839,-36,37,109708,3828,NA,NA,114375,2828858,818094,1,99023,15352,2156839,672019,1185,7468,2145,5323,38,-1,0.5,1.77,-0.02,58,3
2021-10-11,44,9,53,795,848,9,30,109729,3828,NA,NA,114405,2831190,818438,0,99052,15353,2158172,673018,344,2332,1333,999,29,1,1.29,2.18,0.1,60,0
2021-10-12,47,9,56,800,856,8,61,109780,3829,NA,NA,114465,2842613,819654,0,99107,15358,2162405,680208,1216,11423,4233,7190,55,5,0.53,1.3,0.07,62,1
2021-10-13,39,9,48,787,835,-21,95,109892,3830,NA,NA,114557,2852061,820912,0,99189,15368,2167370,684691,1258,9448,4965,4483,82,10,1.01,1.65,0.22,60,1
2021-10-14,40,8,48,807,855,20,87,109959,3830,NA,NA,114644,2864716,822930,1,99269,15375,2172524,692192,2018,12655,5154,7501,80,7,0.69,1.55,0.09,62,0
2021-10-15,41,7,48,816,864,9,82,110029,3831,NA,NA,114724,2883320,827562,1,99340,15384,2177185,706135,4632,18604,4661,13943,71,9,0.44,1.52,0.06,64,1
2021-10-16,37,7,44,885,929,65,133,110095,3832,NA,NA,114856,2904435,832704,1,99463,15393,2182488,721947,5142,21115,5303,15812,123,9,0.63,2.32,0.06,75,1
2021-10-17,39,7,46,858,904,-25,32,110150,3832,NA,NA,114886,2917731,834693,0,99490,15396,2184431,733300,1989,13296,1943,11353,27,3,0.24,1.39,0.03,74,0
2021-10-18,43,7,50,874,924,20,39,110168,3833,NA,NA,114925,2924572,835557,1,99524,15401,2185981,738591,864,6841,1550,5291,34,5,0.57,2.19,0.09,76,1
